set,group,value,n_rows,mape_pct,median_abs_pct_err,mean_abs_err_ms,median_abs_err_ms,mean_signed_pct_err,median_signed_pct_err,note
heldout_exam,all,all,630,54.582396049356404,31.24426463645038,9087.927791649077,2762.1746117881835,22.103935604464205,-3.0655373180464887,Exam. Each job once. mape_pct is the average percent error of the group.
heldout_exam,regime,saturated,559,36.86941960790812,29.495193246512606,10047.224277859974,3149.835084944588,3.0948522818166126,-5.464958477025877,Exam. Each job once. mape_pct is the average percent error of the group.
heldout_exam,regime,unsaturated,71,194.04090070808303,73.88097108722897,1535.1568650027016,1315.2114362582656,171.76700007432345,73.88097108722897,Exam. Each job once. mape_pct is the average percent error of the group.
heldout_exam,S,20,126,46.42330190798815,29.292157707262334,17882.93632735987,4149.361829583623,1.4643706780776664,-13.120946736232124,Exam. Each job once. mape_pct is the average percent error of the group.
heldout_exam,S,40,126,63.30619459221427,34.79569811247197,10669.333769143535,3551.215165221785,36.906934653660954,11.103973743470034,Exam. Each job once. mape_pct is the average percent error of the group.
heldout_exam,S,60,126,64.39651302526751,31.030707726657965,7319.987329234245,2833.2709528889363,39.29802446668433,10.752865140709552,Exam. Each job once. mape_pct is the average percent error of the group.
heldout_exam,S,80,126,57.96651283885523,31.22872051017345,5369.815052439084,2238.466128214577,29.359637414413566,2.524181659906768,Exam. Each job once. mape_pct is the average percent error of the group.
heldout_exam,S,100,126,40.81945788245686,31.602213552348736,4197.566480068642,2152.13753732813,3.490710809484526,-11.527692283232295,Exam. Each job once. mape_pct is the average percent error of the group.
heldout_exam,N,100,30,419.6414056205347,407.65586524704764,2433.5530396377935,2137.465283441292,419.6414056205347,407.65586524704764,Exam. Each job once. mape_pct is the average percent error of the group.
heldout_exam,N,600,30,68.06478696159675,46.94475004941147,1282.3598532939725,1206.776279868325,57.24441465113383,43.39713490906702,Exam. Each job once. mape_pct is the average percent error of the group.
heldout_exam,N,1100,30,30.27200255190461,24.63202543841019,1744.9112344163007,729.7956984358902,-1.0257924180826687,-1.97774916766297,Exam. Each job once. mape_pct is the average percent error of the group.
heldout_exam,N,1600,30,27.065786830387015,24.20021037481773,2368.199158704515,990.7933465223812,-14.687951973567973,-19.32458875660202,Exam. Each job once. mape_pct is the average percent error of the group.
heldout_exam,N,2100,30,31.581981276207124,29.962050805114046,3696.0190964765834,1358.0666426190255,-23.464971446158476,-28.23623076522189,Exam. Each job once. mape_pct is the average percent error of the group.
heldout_exam,N,2600,30,32.742228318996204,32.06579384154416,4637.942915267545,1756.8022369013866,-26.3004083941168,-30.290314319997492,Exam. Each job once. mape_pct is the average percent error of the group.
heldout_exam,N,3100,30,33.253849354512504,31.27090231380339,5742.771202696512,2247.359442565539,-29.05085688565896,-31.27090231380339,Exam. Each job once. mape_pct is the average percent error of the group.
heldout_exam,N,3600,30,30.901454149730487,25.73710785597011,6507.965250578698,2099.925583177926,-25.05989444906281,-24.346928748206423,Exam. Each job once. mape_pct is the average percent error of the group.
heldout_exam,N,4100,30,32.75728367974878,36.26558803142322,7490.377134918759,2966.3042147068254,-26.961899139121595,-36.26558803142322,Exam. Each job once. mape_pct is the average percent error of the group.
heldout_exam,N,4600,30,27.960214146871564,21.87528578922914,7582.643220729663,2277.091821881225,-19.60228968473905,-18.44001632968089,Exam. Each job once. mape_pct is the average percent error of the group.
heldout_exam,N,5100,30,28.10533306605498,28.701900196272977,8394.182979615507,2634.510173073839,-14.651266522554666,-13.41642585078597,Exam. Each job once. mape_pct is the average percent error of the group.
heldout_exam,N,5600,30,27.574358147504004,26.271755558792577,9457.967771138152,2981.17982622008,-11.094366720435785,-9.762595817165753,Exam. Each job once. mape_pct is the average percent error of the group.
heldout_exam,N,6100,30,23.3405120212276,18.926919187443794,10360.181008070322,2341.4621168719514,-11.966356921666641,-7.366563559388161,Exam. Each job once. mape_pct is the average percent error of the group.
heldout_exam,N,6600,30,22.050703642014692,20.77378719314266,7589.381199319427,2791.6321492154584,-4.760481457349138,-4.3370263291030895,Exam. Each job once. mape_pct is the average percent error of the group.
heldout_exam,N,7100,30,23.466605134895342,20.596372497639663,9533.834634215458,3545.71042759604,-1.9451473415757004,0.7753304956956519,Exam. Each job once. mape_pct is the average percent error of the group.
heldout_exam,N,7600,30,26.254629756026038,28.133751010468956,10852.299001580172,4958.768797928179,3.9416146165413664,4.752091560503,Exam. Each job once. mape_pct is the average percent error of the group.
heldout_exam,N,8100,30,29.34299715033706,28.383486922995786,12197.728373911663,6034.857859479729,11.893996717313932,15.870367504079265,Exam. Each job once. mape_pct is the average percent error of the group.
heldout_exam,N,8600,30,40.24845755805561,37.2874485943247,15153.431095276146,8183.1322177650045,25.49152972085326,29.50129139774947,Exam. Each job once. mape_pct is the average percent error of the group.
heldout_exam,N,9100,30,51.090638579890864,50.18136211422927,18530.000333865482,11529.581709452801,35.298623977582245,42.12432203160175,Exam. Each job once. mape_pct is the average percent error of the group.
heldout_exam,N,9600,30,69.790830421447,64.48491816836982,25175.95891782822,17550.52889296234,54.25724569755064,64.48491816836982,Exam. Each job once. mape_pct is the average percent error of the group.
heldout_exam,N,10100,30,70.72425866854151,65.68137113458053,20114.77620308968,18911.03410986832,66.98550004632857,65.68137113458053,Exam. Each job once. mape_pct is the average percent error of the group.
heldout_exam,M,2,105,75.23167018783433,51.523128214268574,30217.146139528784,18345.507440475856,-14.596898385401966,-49.87417083230351,Exam. Each job once. mape_pct is the average percent error of the group.
heldout_exam,M,8,105,69.94970004452833,29.42050304811108,6502.480449906812,2683.337843077391,68.51021294699227,29.42050304811108,Exam. Each job once. mape_pct is the average percent error of the group.
heldout_exam,M,14,105,56.91080380189172,26.918859318310318,6864.602633951388,1997.700418314549,46.94662163381643,18.17003263343407,Exam. Each job once. mape_pct is the average percent error of the group.
heldout_exam,M,20,105,45.13793956233992,22.698259867526016,4219.211332618635,1685.0101030574988,29.094426536964797,4.326500928228413,Exam. Each job once. mape_pct is the average percent error of the group.
heldout_exam,M,26,105,41.208084177291354,25.968096591412408,3662.965769733025,1906.3514301208525,15.277132302031612,-10.011942600776209,Exam. Each job once. mape_pct is the average percent error of the group.
heldout_exam,M,32,105,39.05617852225278,32.95326810929177,3061.1604241558016,2618.78807240939,-12.607881407617915,-28.825279796977437,Exam. Each job once. mape_pct is the average percent error of the group.
val,all,all,760,58.28747720514971,33.896594939753136,10737.291144072235,3363.533848775648,22.911782630965856,-5.526881676393824,Not the exam. Some jobs appear in more than one fold.
val,regime,saturated,687,38.728588768975754,31.466510066128368,11692.813240788386,4077.041953691918,1.937317996194216,-7.862156040744887,Not the exam. Some jobs appear in more than one fold.
val,regime,unsaturated,73,242.35537248804692,100.41392480746035,1744.9119599079243,1537.0226320309641,220.30160734450172,100.41392480746035,Not the exam. Some jobs appear in more than one fold.
val,S,20,155,60.40536835140782,31.09266279175287,22963.08501829292,5099.52151972066,11.61976401247694,-13.772287095682964,Not the exam. Some jobs appear in more than one fold.
val,S,40,147,51.61967232179299,37.181341378275306,12108.138955034332,4290.5350496963,16.95953818821253,-2.2725735352496246,Not the exam. Some jobs appear in more than one fold.
val,S,60,153,69.56984580496854,36.28100534785291,8023.158842150845,3908.482168308059,42.62365496801941,11.602059642955938,Not the exam. Some jobs appear in more than one fold.
val,S,80,154,66.95104842360965,32.23186729441784,5638.480684607759,2674.566659006033,39.21033690078994,1.9043336345868669,Not the exam. Some jobs appear in more than one fold.
val,S,100,151,42.337158177125296,32.461448619632826,4803.293622455469,2562.668393519989,3.7021733185712935,-9.475676988389774,Not the exam. Some jobs appear in more than one fold.
val,N,100,39,467.98417751420465,428.19151941461627,2849.1400350780677,2397.108636314698,467.98417751420465,428.19151941461627,Not the exam. Some jobs appear in more than one fold.
val,N,600,22,77.45062848174378,57.88268593174537,1431.895578882753,1377.2478774288356,61.5737610936541,57.88268593174537,Not the exam. Some jobs appear in more than one fold.
val,N,1100,37,27.271465863531017,23.45538197685918,1431.311324952374,766.6680869112156,2.0743700686510897,2.8899359439950025,Not the exam. Some jobs appear in more than one fold.
val,N,1600,32,26.693363412389136,26.62528896680835,2570.4466254667723,1052.3710775696702,-18.757773348642832,-25.769198718010998,Not the exam. Some jobs appear in more than one fold.
val,N,2100,29,35.93445520253319,33.18582066957817,5830.584447952192,1996.976348558388,-28.58027783696706,-30.52975284894057,Not the exam. Some jobs appear in more than one fold.
val,N,2600,40,41.07871589332708,40.89835603034096,7929.890741328245,2431.3359120222012,-38.36244812702408,-40.89835603034096,Not the exam. Some jobs appear in more than one fold.
val,N,3100,43,40.70051632190489,38.210170941190135,8233.506832035926,2589.128008972245,-38.509897020279546,-38.210170941190135,Not the exam. Some jobs appear in more than one fold.
val,N,3600,32,34.25214769011899,34.77187327467211,7037.21058862162,2860.4947936903804,-28.541398534660935,-34.77187327467211,Not the exam. Some jobs appear in more than one fold.
val,N,4100,31,38.69866294343862,39.94391398806461,13033.265408987254,3606.6572191408895,-36.39591955102047,-39.94391398806461,Not the exam. Some jobs appear in more than one fold.
val,N,4600,23,22.42113698875527,15.130221074392253,6823.149219616818,1502.700322733781,-13.23978594915646,-7.849376431158161,Not the exam. Some jobs appear in more than one fold.
val,N,5100,31,26.66738825908552,19.469182765662474,9049.118617002037,1938.1008455027222,-9.284205482546986,-7.31261672835873,Not the exam. Some jobs appear in more than one fold.
val,N,5600,34,27.261896717383493,22.750397306243755,10093.08004620863,2745.6119257069668,-10.853802341377326,-8.428652534228098,Not the exam. Some jobs appear in more than one fold.
val,N,6100,26,16.684657233017912,12.870974095276765,4741.196926394848,2296.8389672845115,-10.751392048168373,-6.332841523965285,Not the exam. Some jobs appear in more than one fold.
val,N,6600,33,19.824760999176572,19.870866758481164,5345.118610677114,2615.7512087574487,-4.556758117296704,1.2592516584947013,Not the exam. Some jobs appear in more than one fold.
val,N,7100,42,24.631284294399755,24.441587758303182,10378.059748193244,3481.8679271732854,-7.799696147145174,-8.2177688324068,Not the exam. Some jobs appear in more than one fold.
val,N,7600,27,23.527777951079315,19.166214823500592,6249.932424809832,2945.6726209032877,2.8283102225127936,8.325462255237936,Not the exam. Some jobs appear in more than one fold.
val,N,8100,33,26.74452688539808,25.313301914819668,14660.785343342714,5702.684701580869,3.493712209669171,-0.14789400291232083,Not the exam. Some jobs appear in more than one fold.
val,N,8600,64,43.46108668215022,39.420165753894715,16466.439840440915,10766.659042588542,26.769282188783322,35.793699909347495,Not the exam. Some jobs appear in more than one fold.
val,N,9100,48,42.910287955449604,36.70446708501183,20848.73410013477,10725.871206655804,15.391447260148055,4.63327934556603,Not the exam. Some jobs appear in more than one fold.
val,N,9600,49,50.345447828795535,43.8338134866097,30268.232279253927,14529.48342481632,23.00318818167516,19.28211629632716,Not the exam. Some jobs appear in more than one fold.
val,N,10100,45,56.246560505508235,29.844133601504208,15700.39379837998,15431.714228102708,51.984678838963916,29.844133601504208,Not the exam. Some jobs appear in more than one fold.
val,M,2,170,82.3460333959452,49.678796279769934,31541.67693887439,19060.726586461198,-4.56033428006008,-44.09717794880822,Not the exam. Some jobs appear in more than one fold.
val,M,8,95,84.5779263932472,26.91743040857907,3535.357502100977,2163.235813912398,83.4787369755086,26.91743040857907,Not the exam. Some jobs appear in more than one fold.
val,M,14,113,46.93391603214126,20.948098588152806,5957.487433475378,1609.8389519098328,39.02758517094497,16.909895399311274,Not the exam. Some jobs appear in more than one fold.
val,M,20,126,49.212193466418896,29.783021586607084,6748.08824772449,3831.1144914722154,35.97558837107207,19.98251104667564,Not the exam. Some jobs appear in more than one fold.
val,M,26,113,49.21417936134616,23.777851103168185,4157.4109912912145,2080.6118566863142,33.50187834327461,6.775079134907632,Not the exam. Some jobs appear in more than one fold.
val,M,32,143,36.35862122385836,31.503495312249818,3280.801300522722,2878.4343201956226,-17.279873408328275,-30.7669337438417,Not the exam. Some jobs appear in more than one fold.
