20,100,2,3,1255.7
40,100,2,2,982.8
60,100,2,1,431.1
80,100,2,1,400.9
100,100,2,1,510
20,600,2,15,8229.7
40,600,2,8,5727.9
60,600,2,5,5596.8
80,600,2,4,2796.6
100,600,2,3,2450
20,1100,2,28,24830.7
40,1100,2,14,13277
60,1100,2,10,8929.6
80,1100,2,7,7011.2
100,1100,2,6,4340
20,1600,2,40,35808.3
40,1600,2,20,17557
60,1600,2,14,11720.4
80,1600,2,10,8811
100,1600,2,8,7190.6
20,2100,2,53,52576.5
40,2100,2,27,25801.9
60,2100,2,18,15423.6
80,2100,2,14,11604.1
100,2100,2,11,9618.5
20,2600,2,65,62816
40,2600,2,33,31485.2
60,2600,2,22,19760.2
80,2600,2,17,14712.1
100,2600,2,13,11423.3
20,3100,2,78,79709.5
40,3100,2,39,36219.9
60,3100,2,26,22876.4
80,3100,2,20,17636.1
100,3100,2,16,14596.6
20,3600,2,90,93270.4
40,3600,2,45,41080.7
60,3600,2,30,27694.1
80,3600,2,23,24026.4
100,3600,2,18,20015.9
20,4100,2,103,93059.9
40,4100,2,52,46101.2
60,4100,2,35,34664.6
80,4100,2,26,26800.3
100,4100,2,21,21365
20,4600,2,115,106118.1
40,4600,2,58,54207
60,4600,2,39,40292.7
80,4600,2,29,30254.7
100,4600,2,23,24978.4
20,5100,2,128,121211
40,5100,2,64,64290
60,5100,2,43,45082.1
80,5100,2,32,33784
100,5100,2,26,26158.8
20,5600,2,140,140939.1
40,5600,2,70,73178.3
60,5600,2,47,49924.6
80,5600,2,35,35564.3
100,5600,2,28,27701.6
20,6100,2,153,161966.3
40,6100,2,77,79069.7
60,6100,2,51,51198.6
80,6100,2,39,38957.1
100,6100,2,31,50824.6
20,6600,2,165,113399.1
40,6600,2,83,79372.3
60,6600,2,55,50640.7
80,6600,2,42,37282.9
100,6600,2,33,30824.5
20,7100,2,178,161720.7
40,7100,2,89,80017.3
60,7100,2,60,53223.5
80,7100,2,45,42926.2
100,7100,2,36,35906.8
20,7600,2,190,172498.7
40,7600,2,95,88851.1
60,7600,2,64,62331.7
80,7600,2,48,50538.8
100,7600,2,38,40424.8
20,8100,2,203,195498.8
40,8100,2,102,103863.8
60,8100,2,68,73208.5
80,8100,2,51,52506.6
100,8100,2,41,40851.1
20,8600,2,215,229120.4
40,8600,2,108,110522.1
60,8600,2,72,73477.4
80,8600,2,54,58559.7
100,8600,2,43,48513.2
20,9100,2,228,242327.6
40,9100,2,114,126230.2
60,9100,2,76,86222.1
80,9100,2,57,68163.3
100,9100,2,46,58169.8
20,9600,2,240,284674
40,9600,2,120,144096.9
60,9600,2,80,101394.1
80,9600,2,60,81403.8
100,9600,2,48,67904
20,10100,2,253,156272.3
40,10100,2,127,113887.4
60,10100,2,85,76610.6
80,10100,2,64,58938.8
100,10100,2,51,49679.8
20,100,8,1,908.1
40,100,8,1,424.2
60,100,8,1,413.4
80,100,8,1,373
100,100,8,1,518.7
20,600,8,4,3413.4
40,600,8,2,2157.1
60,600,8,2,1622
80,600,8,1,889.2
100,600,8,1,1087.2
20,1100,8,7,5613.5
40,1100,8,4,3406.3
60,1100,8,3,2626.3
80,1100,8,2,2381.1
100,1100,8,2,2259.6
20,1600,8,10,7927.3
40,1600,8,5,4776
60,1600,8,4,3777.6
80,1600,8,3,3261.6
100,1600,8,2,2948.1
20,2100,8,14,10196.7
40,2100,8,7,6108.5
60,2100,8,5,4726.5
80,2100,8,4,3982.5
100,2100,8,3,3682.7
20,2600,8,17,12608.1
40,2600,8,9,7412.9
60,2600,8,6,5735.8
80,2600,8,5,4953.2
100,2600,8,4,4401
20,3100,8,20,14869.5
40,3100,8,10,8827.6
60,3100,8,7,6876.6
80,3100,8,5,5916.1
100,3100,8,4,5227.7
20,3600,8,23,18875.2
40,3600,8,12,10530.8
60,3600,8,8,8073.2
80,3600,8,6,6919.7
100,3600,8,5,6016.3
20,4100,8,26,20593.1
40,4100,8,13,11923.9
60,4100,8,9,9198.2
80,4100,8,7,7695.5
100,4100,8,6,6857.1
20,4600,8,29,23142.3
40,4600,8,15,13426
60,4600,8,10,10381.6
80,4600,8,8,8826.2
100,4600,8,6,7874.8
20,5100,8,32,25603.1
40,5100,8,16,13799.2
60,5100,8,11,10641
80,5100,8,8,9188.3
100,5100,8,7,8016.4
20,5600,8,35,26578.7
40,5600,8,18,15523
60,5600,8,12,12024.9
80,5600,8,9,10214.1
100,5600,8,7,9025.2
20,6100,8,39,34903.9
40,6100,8,20,22190.1
60,6100,8,13,17415.3
80,6100,8,10,14608.2
100,6100,8,8,13326.3
20,6600,8,42,42302.4
40,6600,8,21,24986.4
60,6600,8,14,19172.7
80,6600,8,11,16427.7
100,6600,8,9,14675.9
20,7100,8,45,48156.7
40,7100,8,23,27841.8
60,7100,8,15,21253.9
80,7100,8,12,18185.8
100,7100,8,9,16440.9
20,7600,8,48,54109.7
40,7600,8,24,31271.9
60,7600,8,16,23796.3
80,7600,8,12,20085.4
100,7600,8,10,17951.2
20,8100,8,51,61433.6
40,8100,8,26,34858.7
60,8100,8,17,26365.2
80,8100,8,13,22136
100,8100,8,11,19842.7
20,8600,8,54,71674
40,8600,8,27,39016.3
60,8600,8,18,29259.4
80,8600,8,14,24405.1
100,8600,8,11,21770.9
20,9100,8,57,80693.5
40,9100,8,29,45019.2
60,9100,8,19,32676.6
80,9100,8,15,26897.2
100,9100,8,12,23878.4
20,9600,8,60,49199.1
40,9600,8,30,29030.9
60,9600,8,20,22541.2
80,9600,8,15,19341.5
100,9600,8,12,17432.3
20,10100,8,64,65095.7
40,10100,8,32,38627.1
60,10100,8,22,29619.4
80,10100,8,16,25164.3
100,10100,8,13,22964.5
20,100,14,1,1153.2
40,100,14,1,780.3
60,100,14,1,561.4
80,100,14,1,459.4
100,100,14,1,746.4
20,600,14,3,4169.1
40,600,14,2,2612.3
60,600,14,1,1873.8
80,600,14,1,1338.9
100,600,14,1,1534.7
20,1100,14,4,6881.5
40,1100,14,2,4174.6
60,1100,14,2,3440.4
80,1100,14,1,2508.3
100,1100,14,1,2447.7
20,1600,14,6,9601.2
40,1600,14,3,6030.5
60,1600,14,2,4654.7
80,1600,14,2,4226.9
100,1600,14,2,3807.8
20,2100,14,8,12044.3
40,2100,14,4,7748.4
60,2100,14,3,6082.9
80,2100,14,2,4929.4
100,2100,14,2,4748.1
20,2600,14,10,14904.3
40,2600,14,5,9516.4
60,2600,14,4,7266.5
80,2600,14,3,6331.1
100,2600,14,2,5569
20,3100,14,12,17536.1
40,3100,14,6,11303.4
60,3100,14,4,8854.9
80,3100,14,3,7735.8
100,3100,14,3,6819.2
20,3600,14,13,14937.3
40,3600,14,7,9329.7
60,3600,14,5,7572.9
80,3600,14,4,6544.7
100,3600,14,3,5866.7
20,4100,14,15,16991.9
40,4100,14,8,12216.4
60,4100,14,5,8624.3
80,4100,14,4,7236.4
100,4100,14,3,6823
20,4600,14,17,19144.2
40,4600,14,9,12092.5
60,4600,14,6,9520.1
80,4600,14,5,8127.6
100,4600,14,4,7398.1
20,5100,14,19,21672.3
40,5100,14,10,13362.7
60,5100,14,7,10718.8
80,5100,14,5,9281.8
100,5100,14,4,8409
20,5600,14,20,24546.2
40,5600,14,10,14818.5
60,5600,14,7,11782.5
80,5600,14,5,10151.1
100,5600,14,4,9154.7
20,6100,14,22,27744.2
40,6100,14,11,16527.5
60,6100,14,8,12997
80,6100,14,6,11177.1
100,6100,14,5,10219.7
20,6600,14,24,31146.9
40,6600,14,12,18329.7
60,6600,14,8,14075.4
80,6600,14,6,12216.2
100,6600,14,5,10945.7
20,7100,14,26,36302.2
40,7100,14,13,19937.6
60,7100,14,9,15519.7
80,7100,14,7,13433.5
100,7100,14,6,11901.8
20,7600,14,28,40444.7
40,7600,14,14,21913.2
60,7600,14,10,16901.5
80,7600,14,7,15089.9
100,7600,14,6,12952.2
20,8100,14,29,43786
40,8100,14,15,23964.7
60,8100,14,10,18539.8
80,8100,14,8,15584.8
100,8100,14,6,14225.7
20,8600,14,31,34957.4
40,8600,14,16,21403.3
60,8600,14,11,16781.9
80,8600,14,8,14493.5
100,8600,14,7,13327.8
20,9100,14,33,37409.8
40,9100,14,17,21551.8
60,9100,14,11,17724.1
80,9100,14,9,15634.8
100,9100,14,7,14281.6
20,9600,14,35,42126.6
40,9600,14,18,25213.9
60,9600,14,12,19821.9
80,9600,14,9,17065.8
100,9600,14,7,15395.2
20,10100,14,37,47388.2
40,10100,14,19,25792.4
60,10100,14,13,20887.2
80,10100,14,10,17997.2
100,10100,14,8,16572.7
20,100,20,1,1008.4
40,100,20,1,633.3
60,100,20,1,458.1
80,100,20,1,432.8
100,100,20,1,517.2
20,600,20,2,3279.2
40,600,20,1,2046.1
60,600,20,1,1645
80,600,20,1,1040
100,600,20,1,1354.9
20,1100,20,3,5467
40,1100,20,2,3429.9
60,1100,20,1,2715
80,1100,20,1,2099.5
100,1100,20,1,2055.7
20,1600,20,4,7383.3
40,1600,20,2,4757.7
60,1600,20,2,3890.2
80,1600,20,1,3322.6
100,1600,20,1,2611.8
20,2100,20,6,9359.5
40,2100,20,3,6036.3
60,2100,20,2,4714.4
80,2100,20,2,5050.1
100,2100,20,2,3836.6
20,2600,20,7,11325.5
40,2600,20,4,7294.6
60,2600,20,3,5758
80,2600,20,2,4772.1
100,2600,20,2,4698.7
20,3100,20,8,13386.9
40,3100,20,4,8593.5
60,3100,20,3,6863.6
80,3100,20,2,5864
100,3100,20,2,5251.1
20,3600,20,9,15516.3
40,3600,20,5,9843
60,3600,20,3,8004
80,3600,20,3,6700.8
100,3600,20,2,5875.5
20,4100,20,11,25082.6
40,4100,20,6,16159.6
60,4100,20,4,12549.9
80,4100,20,3,10552.8
100,4100,20,3,9977.5
20,4600,20,12,17421.5
40,4600,20,6,11016.3
60,4600,20,4,8898.1
80,4600,20,3,7678.9
100,4600,20,3,6952.8
20,5100,20,13,19611.3
40,5100,20,7,12486.1
60,5100,20,5,10003.2
80,5100,20,4,8636.8
100,5100,20,3,7922.3
20,5600,20,14,22042.8
40,5600,20,7,13674.8
60,5600,20,5,11534.2
80,5600,20,4,9553.2
100,5600,20,3,8637.2
20,6100,20,16,24635.3
40,6100,20,8,15001.2
60,6100,20,6,12124.7
80,6100,20,4,10278.9
100,6100,20,4,9480.6
20,6600,20,17,26892
40,6600,20,9,16321.9
60,6600,20,6,13117.4
80,6600,20,5,11130.2
100,6600,20,4,10179.9
20,7100,20,18,31294.8
40,7100,20,9,17850.7
60,7100,20,6,14078.5
80,7100,20,5,12217.9
100,7100,20,4,10994.5
20,7600,20,19,36200.6
40,7600,20,10,19450.5
60,7600,20,7,15191.2
80,7600,20,5,13189.4
100,7600,20,4,11750.6
20,8100,20,21,42070.5
40,8100,20,11,21026
60,8100,20,7,16480.1
80,8100,20,6,13821.5
100,8100,20,5,12669.3
20,8600,20,22,42649.7
40,8600,20,11,22560.5
60,8600,20,8,17415.4
80,8600,20,6,14955.3
100,8600,20,5,13601.8
20,9100,20,23,43524
40,9100,20,12,22905.1
60,9100,20,8,17470.1
80,9100,20,6,14756.3
100,9100,20,5,13317.2
20,9600,20,24,48024.8
40,9600,20,12,24827.6
60,9600,20,8,18801.4
80,9600,20,6,15853.2
100,9600,20,5,14214.5
20,10100,20,26,54668.3
40,10100,20,13,26896
60,10100,20,9,20838.7
80,10100,20,7,18174.3
100,10100,20,6,16462.1
20,100,26,1,838.5
40,100,26,1,454.8
60,100,26,1,437.1
80,100,26,1,384.2
100,100,26,1,521.4
20,600,26,2,3116.1
40,600,26,1,1796.1
60,600,26,1,1609
80,600,26,1,977.1
100,600,26,1,1160.4
20,1100,26,3,4815.2
40,1100,26,2,3124.8
60,1100,26,1,2059.4
80,1100,26,1,2094.9
100,1100,26,1,2000.8
20,1600,26,4,6983.7
40,1600,26,2,4435.1
60,1600,26,2,3590.2
80,1600,26,1,2895.5
100,1600,26,1,2567.3
20,2100,26,5,8697.4
40,2100,26,3,5415.3
60,2100,26,2,4418.5
80,2100,26,2,3725
100,2100,26,1,3231.6
20,2600,26,5,10384.3
40,2600,26,3,6843.1
60,2600,26,2,5148.3
80,2600,26,2,4605.9
100,2600,26,1,4281.1
20,3100,26,6,12176.9
40,3100,26,3,7883.5
60,3100,26,2,6190.3
80,3100,26,2,5522.3
100,3100,26,2,4997.4
20,3600,26,7,13967.1
40,3600,26,4,8829.6
60,3600,26,3,7194.7
80,3600,26,2,6134.9
100,3600,26,2,5782.9
20,4100,26,8,15832.1
40,4100,26,4,10126.4
60,4100,26,3,8093.4
80,4100,26,2,6492.9
100,4100,26,2,6385.7
20,4600,26,9,17887.8
40,4600,26,5,11200
60,4600,26,3,9023.7
80,4600,26,3,7756.3
100,4600,26,2,7056.6
20,5100,26,10,20029.7
40,5100,26,5,12117.3
60,5100,26,4,9726.8
80,5100,26,3,8573.3
100,5100,26,2,7300.5
20,5600,26,11,21164.2
40,5600,26,6,13427.7
60,5600,26,4,10506.9
80,5600,26,3,9465.9
100,5600,26,3,8455.3
20,6100,26,12,23371.3
40,6100,26,6,14692.3
60,6100,26,4,11587.8
80,6100,26,3,9869.7
100,6100,26,3,9267.1
20,6600,26,13,26357.3
40,6600,26,7,15838.7
60,6600,26,5,12667.2
80,6600,26,4,10859.9
100,6600,26,3,9937.7
20,7100,26,14,29609.8
40,7100,26,7,17270.6
60,7100,26,5,13509.8
80,7100,26,4,12086.5
100,7100,26,3,10956.4
20,7600,26,15,34026.8
40,7600,26,8,18780.6
60,7600,26,5,15104.8
80,7600,26,4,12870.8
100,7600,26,3,11481.8
20,8100,26,16,35538.9
40,8100,26,8,19911.5
60,8100,26,6,15718.1
80,8100,26,4,13207.7
100,8100,26,4,12128.9
20,8600,26,17,34272.6
40,8600,26,9,20093.5
60,8600,26,6,15343.4
80,8600,26,5,13109.2
100,8600,26,4,12022
20,9100,26,18,38144.3
40,9100,26,9,21121.4
60,9100,26,6,16413.6
80,9100,26,5,14055.9
100,9100,26,4,12815.1
20,9600,26,19,44275.6
40,9600,26,10,24668.4
60,9600,26,7,19098.2
80,9600,26,5,16364.9
100,9600,26,4,14602.4
20,10100,26,20,38799.3
40,10100,26,10,23033.4
60,10100,26,7,17953
80,10100,26,5,15538.3
100,10100,26,4,14429.8
20,100,32,1,901.1
40,100,32,1,430
60,100,32,1,429.7
80,100,32,1,374.6
100,100,32,1,513.8
20,600,32,1,3339.8
40,600,32,1,1967
60,600,32,1,3435.5
80,600,32,1,2036.7
100,600,32,1,2491.3
20,1100,32,2,5623.4
40,1100,32,1,3361.6
60,1100,32,1,4947.8
80,1100,32,1,4225.3
100,1100,32,1,3478.2
20,1600,32,3,6976.3
40,1600,32,2,4316.4
60,1600,32,1,3440
80,1600,32,1,2791.8
100,1600,32,1,2660.4
20,2100,32,4,8750.1
40,2100,32,2,5402.3
60,2100,32,2,4489.5
80,2100,32,1,3849.3
100,2100,32,1,3295.6
20,2600,32,5,10430
40,2600,32,3,6811.7
60,2600,32,2,5252.4
80,2600,32,2,4535.4
100,2600,32,1,4253.5
20,3100,32,5,12169
40,3100,32,3,7868.5
60,3100,32,2,6234.8
80,3100,32,2,5346.2
100,3100,32,1,4909.2
20,3600,32,6,14073.9
40,3600,32,3,9044.1
60,3600,32,2,7282.5
80,3600,32,2,6275.7
100,3600,32,2,5690.8
20,4100,32,7,16082.8
40,4100,32,4,10221.8
60,4100,32,3,8322.8
80,4100,32,2,6950.2
100,4100,32,2,6399.9
20,4600,32,8,17838.6
40,4600,32,4,11369.2
60,4600,32,3,9220.3
80,4600,32,2,7973
100,4600,32,2,7480.5
20,5100,32,8,19254.6
40,5100,32,4,12788.2
60,5100,32,3,9778.7
80,5100,32,2,8608.1
100,5100,32,2,7531.1
20,5600,32,9,21297.9
40,5600,32,5,13377.5
60,5600,32,3,10760.8
80,5600,32,3,9608.3
100,5600,32,2,8307.9
20,6100,32,10,23298.3
40,6100,32,5,14447
60,6100,32,4,11718.3
80,6100,32,3,9735.5
100,6100,32,2,9119.8
20,6600,32,11,25570.8
40,6600,32,6,15808.7
60,6600,32,4,12644.3
80,6600,32,3,10810.3
100,6600,32,3,9799.4
20,7100,32,12,30647.2
40,7100,32,6,17058.4
60,7100,32,4,13295.6
80,7100,32,3,12544.9
100,7100,32,3,10783.7
20,7600,32,12,33067.1
40,7600,32,6,18370.8
60,7600,32,4,14611.2
80,7600,32,3,13533.9
100,7600,32,3,11535.1
20,8100,32,13,33101.7
40,8100,32,7,18315.6
60,8100,32,5,15193.6
80,8100,32,4,12885
100,8100,32,3,11987.5
20,8600,32,14,35085.4
40,8600,32,7,19038.1
60,8600,32,5,14864.4
80,8600,32,4,12916.9
100,8600,32,3,12692.8
20,9100,32,15,39542.5
40,9100,32,8,28848.5
60,9100,32,5,23898.4
80,9100,32,4,19988.1
100,9100,32,3,17642.1
20,9600,32,15,43231.1
40,9600,32,8,25655
60,9600,32,5,21404.1
80,9600,32,4,22389.2
100,9600,32,3,20134.2
20,10100,32,16,52499.9
40,10100,32,8,31919.3
60,10100,32,6,25004
80,10100,32,4,22117.1
100,10100,32,4,20854.3
