20,100,2,5,1255.7
40,100,2,2,982.8
60,100,2,1,431.1
80,100,2,1,400.9
100,100,2,1,510
20,600,2,30,8229.7
40,600,2,15,5727.9
60,600,2,10,5596.8
80,600,2,7,2796.6
100,600,2,6,2450
20,1100,2,55,24830.7
40,1100,2,27,13277
60,1100,2,18,8929.6
80,1100,2,13,7011.2
100,1100,2,11,4340
20,1600,2,80,35808.3
40,1600,2,40,17557
60,1600,2,26,11720.4
80,1600,2,20,8811
100,1600,2,16,7190.6
20,2100,2,105,52576.5
40,2100,2,52,25801.9
60,2100,2,35,15423.6
80,2100,2,26,11604.1
100,2100,2,21,9618.5
20,2600,2,130,62816
40,2600,2,65,31485.2
60,2600,2,43,19760.2
80,2600,2,32,14712.1
100,2600,2,26,11423.3
20,3100,2,155,79709.5
40,3100,2,77,36219.9
60,3100,2,51,22876.4
80,3100,2,38,17636.1
100,3100,2,31,14596.6
20,3600,2,180,93270.4
40,3600,2,90,41080.7
60,3600,2,60,27694.1
80,3600,2,45,24026.4
100,3600,2,36,20015.9
20,4100,2,205,93059.9
40,4100,2,102,46101.2
60,4100,2,68,34664.6
80,4100,2,51,26800.3
100,4100,2,41,21365
20,4600,2,230,106118.1
40,4600,2,115,54207
60,4600,2,76,40292.7
80,4600,2,57,30254.7
100,4600,2,46,24978.4
20,5100,2,255,121211
40,5100,2,127,64290
60,5100,2,85,45082.1
80,5100,2,63,33784
100,5100,2,51,26158.8
20,5600,2,280,140939.1
40,5600,2,140,73178.3
60,5600,2,93,49924.6
80,5600,2,70,35564.3
100,5600,2,56,27701.6
20,6100,2,305,161966.3
40,6100,2,152,79069.7
60,6100,2,101,51198.6
80,6100,2,76,38957.1
100,6100,2,61,50824.6
20,6600,2,330,113399.1
40,6600,2,165,79372.3
60,6600,2,110,50640.7
80,6600,2,82,37282.9
100,6600,2,66,30824.5
20,7100,2,355,161720.7
40,7100,2,177,80017.3
60,7100,2,118,53223.5
80,7100,2,88,42926.2
100,7100,2,71,35906.8
20,7600,2,380,172498.7
40,7600,2,190,88851.1
60,7600,2,126,62331.7
80,7600,2,95,50538.8
100,7600,2,76,40424.8
20,8100,2,405,195498.8
40,8100,2,202,103863.8
60,8100,2,135,73208.5
80,8100,2,101,52506.6
100,8100,2,81,40851.1
20,8600,2,430,229120.4
40,8600,2,215,110522.1
60,8600,2,143,73477.4
80,8600,2,107,58559.7
100,8600,2,86,48513.2
20,9100,2,455,242327.6
40,9100,2,227,126230.2
60,9100,2,151,86222.1
80,9100,2,113,68163.3
100,9100,2,91,58169.8
20,9600,2,480,284674
40,9600,2,240,144096.9
60,9600,2,160,101394.1
80,9600,2,120,81403.8
100,9600,2,96,67904
20,10100,2,505,156272.3
40,10100,2,252,113887.4
60,10100,2,168,76610.6
80,10100,2,126,58938.8
100,10100,2,101,49679.8
20,100,8,5,908.1
40,100,8,2,424.2
60,100,8,1,413.4
80,100,8,1,373
100,100,8,1,518.7
20,600,8,30,3413.4
40,600,8,15,2157.1
60,600,8,10,1622
80,600,8,7,889.2
100,600,8,6,1087.2
20,1100,8,55,5613.5
40,1100,8,27,3406.3
60,1100,8,18,2626.3
80,1100,8,13,2381.1
100,1100,8,11,2259.6
20,1600,8,80,7927.3
40,1600,8,40,4776
60,1600,8,26,3777.6
80,1600,8,20,3261.6
100,1600,8,16,2948.1
20,2100,8,105,10196.7
40,2100,8,52,6108.5
60,2100,8,35,4726.5
80,2100,8,26,3982.5
100,2100,8,21,3682.7
20,2600,8,130,12608.1
40,2600,8,65,7412.9
60,2600,8,43,5735.8
80,2600,8,32,4953.2
100,2600,8,26,4401
20,3100,8,155,14869.5
40,3100,8,77,8827.6
60,3100,8,51,6876.6
80,3100,8,38,5916.1
100,3100,8,31,5227.7
20,3600,8,180,18875.2
40,3600,8,90,10530.8
60,3600,8,60,8073.2
80,3600,8,45,6919.7
100,3600,8,36,6016.3
20,4100,8,205,20593.1
40,4100,8,102,11923.9
60,4100,8,68,9198.2
80,4100,8,51,7695.5
100,4100,8,41,6857.1
20,4600,8,230,23142.3
40,4600,8,115,13426
60,4600,8,76,10381.6
80,4600,8,57,8826.2
100,4600,8,46,7874.8
20,5100,8,255,25603.1
40,5100,8,127,13799.2
60,5100,8,85,10641
80,5100,8,63,9188.3
100,5100,8,51,8016.4
20,5600,8,280,26578.7
40,5600,8,140,15523
60,5600,8,93,12024.9
80,5600,8,70,10214.1
100,5600,8,56,9025.2
20,6100,8,305,34903.9
40,6100,8,152,22190.1
60,6100,8,101,17415.3
80,6100,8,76,14608.2
100,6100,8,61,13326.3
20,6600,8,330,42302.4
40,6600,8,165,24986.4
60,6600,8,110,19172.7
80,6600,8,82,16427.7
100,6600,8,66,14675.9
20,7100,8,355,48156.7
40,7100,8,177,27841.8
60,7100,8,118,21253.9
80,7100,8,88,18185.8
100,7100,8,71,16440.9
20,7600,8,380,54109.7
40,7600,8,190,31271.9
60,7600,8,126,23796.3
80,7600,8,95,20085.4
100,7600,8,76,17951.2
20,8100,8,405,61433.6
40,8100,8,202,34858.7
60,8100,8,135,26365.2
80,8100,8,101,22136
100,8100,8,81,19842.7
20,8600,8,430,71674
40,8600,8,215,39016.3
60,8600,8,143,29259.4
80,8600,8,107,24405.1
100,8600,8,86,21770.9
20,9100,8,455,80693.5
40,9100,8,227,45019.2
60,9100,8,151,32676.6
80,9100,8,113,26897.2
100,9100,8,91,23878.4
20,9600,8,480,49199.1
40,9600,8,240,29030.9
60,9600,8,160,22541.2
80,9600,8,120,19341.5
100,9600,8,96,17432.3
20,10100,8,505,65095.7
40,10100,8,252,38627.1
60,10100,8,168,29619.4
80,10100,8,126,25164.3
100,10100,8,101,22964.5
20,100,14,5,1153.2
40,100,14,2,780.3
60,100,14,1,561.4
80,100,14,1,459.4
100,100,14,1,746.4
20,600,14,30,4169.1
40,600,14,15,2612.3
60,600,14,10,1873.8
80,600,14,7,1338.9
100,600,14,6,1534.7
20,1100,14,55,6881.5
40,1100,14,27,4174.6
60,1100,14,18,3440.4
80,1100,14,13,2508.3
100,1100,14,11,2447.7
20,1600,14,80,9601.2
40,1600,14,40,6030.5
60,1600,14,26,4654.7
80,1600,14,20,4226.9
100,1600,14,16,3807.8
20,2100,14,105,12044.3
40,2100,14,52,7748.4
60,2100,14,35,6082.9
80,2100,14,26,4929.4
100,2100,14,21,4748.1
20,2600,14,130,14904.3
40,2600,14,65,9516.4
60,2600,14,43,7266.5
80,2600,14,32,6331.1
100,2600,14,26,5569
20,3100,14,155,17536.1
40,3100,14,77,11303.4
60,3100,14,51,8854.9
80,3100,14,38,7735.8
100,3100,14,31,6819.2
20,3600,14,180,14937.3
40,3600,14,90,9329.7
60,3600,14,60,7572.9
80,3600,14,45,6544.7
100,3600,14,36,5866.7
20,4100,14,205,16991.9
40,4100,14,102,12216.4
60,4100,14,68,8624.3
80,4100,14,51,7236.4
100,4100,14,41,6823
20,4600,14,230,19144.2
40,4600,14,115,12092.5
60,4600,14,76,9520.1
80,4600,14,57,8127.6
100,4600,14,46,7398.1
20,5100,14,255,21672.3
40,5100,14,127,13362.7
60,5100,14,85,10718.8
80,5100,14,63,9281.8
100,5100,14,51,8409
20,5600,14,280,24546.2
40,5600,14,140,14818.5
60,5600,14,93,11782.5
80,5600,14,70,10151.1
100,5600,14,56,9154.7
20,6100,14,305,27744.2
40,6100,14,152,16527.5
60,6100,14,101,12997
80,6100,14,76,11177.1
100,6100,14,61,10219.7
20,6600,14,330,31146.9
40,6600,14,165,18329.7
60,6600,14,110,14075.4
80,6600,14,82,12216.2
100,6600,14,66,10945.7
20,7100,14,355,36302.2
40,7100,14,177,19937.6
60,7100,14,118,15519.7
80,7100,14,88,13433.5
100,7100,14,71,11901.8
20,7600,14,380,40444.7
40,7600,14,190,21913.2
60,7600,14,126,16901.5
80,7600,14,95,15089.9
100,7600,14,76,12952.2
20,8100,14,405,43786
40,8100,14,202,23964.7
60,8100,14,135,18539.8
80,8100,14,101,15584.8
100,8100,14,81,14225.7
20,8600,14,430,34957.4
40,8600,14,215,21403.3
60,8600,14,143,16781.9
80,8600,14,107,14493.5
100,8600,14,86,13327.8
20,9100,14,455,37409.8
40,9100,14,227,21551.8
60,9100,14,151,17724.1
80,9100,14,113,15634.8
100,9100,14,91,14281.6
20,9600,14,480,42126.6
40,9600,14,240,25213.9
60,9600,14,160,19821.9
80,9600,14,120,17065.8
100,9600,14,96,15395.2
20,10100,14,505,47388.2
40,10100,14,252,25792.4
60,10100,14,168,20887.2
80,10100,14,126,17997.2
100,10100,14,101,16572.7
20,100,20,5,1008.4
40,100,20,2,633.3
60,100,20,1,458.1
80,100,20,1,432.8
100,100,20,1,517.2
20,600,20,30,3279.2
40,600,20,15,2046.1
60,600,20,10,1645
80,600,20,7,1040
100,600,20,6,1354.9
20,1100,20,55,5467
40,1100,20,27,3429.9
60,1100,20,18,2715
80,1100,20,13,2099.5
100,1100,20,11,2055.7
20,1600,20,80,7383.3
40,1600,20,40,4757.7
60,1600,20,26,3890.2
80,1600,20,20,3322.6
100,1600,20,16,2611.8
20,2100,20,105,9359.5
40,2100,20,52,6036.3
60,2100,20,35,4714.4
80,2100,20,26,5050.1
100,2100,20,21,3836.6
20,2600,20,130,11325.5
40,2600,20,65,7294.6
60,2600,20,43,5758
80,2600,20,32,4772.1
100,2600,20,26,4698.7
20,3100,20,155,13386.9
40,3100,20,77,8593.5
60,3100,20,51,6863.6
80,3100,20,38,5864
100,3100,20,31,5251.1
20,3600,20,180,15516.3
40,3600,20,90,9843
60,3600,20,60,8004
80,3600,20,45,6700.8
100,3600,20,36,5875.5
20,4100,20,205,25082.6
40,4100,20,102,16159.6
60,4100,20,68,12549.9
80,4100,20,51,10552.8
100,4100,20,41,9977.5
20,4600,20,230,17421.5
40,4600,20,115,11016.3
60,4600,20,76,8898.1
80,4600,20,57,7678.9
100,4600,20,46,6952.8
20,5100,20,255,19611.3
40,5100,20,127,12486.1
60,5100,20,85,10003.2
80,5100,20,63,8636.8
100,5100,20,51,7922.3
20,5600,20,280,22042.8
40,5600,20,140,13674.8
60,5600,20,93,11534.2
80,5600,20,70,9553.2
100,5600,20,56,8637.2
20,6100,20,305,24635.3
40,6100,20,152,15001.2
60,6100,20,101,12124.7
80,6100,20,76,10278.9
100,6100,20,61,9480.6
20,6600,20,330,26892
40,6600,20,165,16321.9
60,6600,20,110,13117.4
80,6600,20,82,11130.2
100,6600,20,66,10179.9
20,7100,20,355,31294.8
40,7100,20,177,17850.7
60,7100,20,118,14078.5
80,7100,20,88,12217.9
100,7100,20,71,10994.5
20,7600,20,380,36200.6
40,7600,20,190,19450.5
60,7600,20,126,15191.2
80,7600,20,95,13189.4
100,7600,20,76,11750.6
20,8100,20,405,42070.5
40,8100,20,202,21026
60,8100,20,135,16480.1
80,8100,20,101,13821.5
100,8100,20,81,12669.3
20,8600,20,430,42649.7
40,8600,20,215,22560.5
60,8600,20,143,17415.4
80,8600,20,107,14955.3
100,8600,20,86,13601.8
20,9100,20,455,43524
40,9100,20,227,22905.1
60,9100,20,151,17470.1
80,9100,20,113,14756.3
100,9100,20,91,13317.2
20,9600,20,480,48024.8
40,9600,20,240,24827.6
60,9600,20,160,18801.4
80,9600,20,120,15853.2
100,9600,20,96,14214.5
20,10100,20,505,54668.3
40,10100,20,252,26896
60,10100,20,168,20838.7
80,10100,20,126,18174.3
100,10100,20,101,16462.1
20,100,26,5,838.5
40,100,26,2,454.8
60,100,26,1,437.1
80,100,26,1,384.2
100,100,26,1,521.4
20,600,26,30,3116.1
40,600,26,15,1796.1
60,600,26,10,1609
80,600,26,7,977.1
100,600,26,6,1160.4
20,1100,26,55,4815.2
40,1100,26,27,3124.8
60,1100,26,18,2059.4
80,1100,26,13,2094.9
100,1100,26,11,2000.8
20,1600,26,80,6983.7
40,1600,26,40,4435.1
60,1600,26,26,3590.2
80,1600,26,20,2895.5
100,1600,26,16,2567.3
20,2100,26,105,8697.4
40,2100,26,52,5415.3
60,2100,26,35,4418.5
80,2100,26,26,3725
100,2100,26,21,3231.6
20,2600,26,130,10384.3
40,2600,26,65,6843.1
60,2600,26,43,5148.3
80,2600,26,32,4605.9
100,2600,26,26,4281.1
20,3100,26,155,12176.9
40,3100,26,77,7883.5
60,3100,26,51,6190.3
80,3100,26,38,5522.3
100,3100,26,31,4997.4
20,3600,26,180,13967.1
40,3600,26,90,8829.6
60,3600,26,60,7194.7
80,3600,26,45,6134.9
100,3600,26,36,5782.9
20,4100,26,205,15832.1
40,4100,26,102,10126.4
60,4100,26,68,8093.4
80,4100,26,51,6492.9
100,4100,26,41,6385.7
20,4600,26,230,17887.8
40,4600,26,115,11200
60,4600,26,76,9023.7
80,4600,26,57,7756.3
100,4600,26,46,7056.6
20,5100,26,255,20029.7
40,5100,26,127,12117.3
60,5100,26,85,9726.8
80,5100,26,63,8573.3
100,5100,26,51,7300.5
20,5600,26,280,21164.2
40,5600,26,140,13427.7
60,5600,26,93,10506.9
80,5600,26,70,9465.9
100,5600,26,56,8455.3
20,6100,26,305,23371.3
40,6100,26,152,14692.3
60,6100,26,101,11587.8
80,6100,26,76,9869.7
100,6100,26,61,9267.1
20,6600,26,330,26357.3
40,6600,26,165,15838.7
60,6600,26,110,12667.2
80,6600,26,82,10859.9
100,6600,26,66,9937.7
20,7100,26,355,29609.8
40,7100,26,177,17270.6
60,7100,26,118,13509.8
80,7100,26,88,12086.5
100,7100,26,71,10956.4
20,7600,26,380,34026.8
40,7600,26,190,18780.6
60,7600,26,126,15104.8
80,7600,26,95,12870.8
100,7600,26,76,11481.8
20,8100,26,405,35538.9
40,8100,26,202,19911.5
60,8100,26,135,15718.1
80,8100,26,101,13207.7
100,8100,26,81,12128.9
20,8600,26,430,34272.6
40,8600,26,215,20093.5
60,8600,26,143,15343.4
80,8600,26,107,13109.2
100,8600,26,86,12022
20,9100,26,455,38144.3
40,9100,26,227,21121.4
60,9100,26,151,16413.6
80,9100,26,113,14055.9
100,9100,26,91,12815.1
20,9600,26,480,44275.6
40,9600,26,240,24668.4
60,9600,26,160,19098.2
80,9600,26,120,16364.9
100,9600,26,96,14602.4
20,10100,26,505,38799.3
40,10100,26,252,23033.4
60,10100,26,168,17953
80,10100,26,126,15538.3
100,10100,26,101,14429.8
20,100,32,5,901.1
40,100,32,2,430
60,100,32,1,429.7
80,100,32,1,374.6
100,100,32,1,513.8
20,600,32,30,3339.8
40,600,32,15,1967
60,600,32,10,3435.5
80,600,32,7,2036.7
100,600,32,6,2491.3
20,1100,32,55,5623.4
40,1100,32,27,3361.6
60,1100,32,18,4947.8
80,1100,32,13,4225.3
100,1100,32,11,3478.2
20,1600,32,80,6976.3
40,1600,32,40,4316.4
60,1600,32,26,3440
80,1600,32,20,2791.8
100,1600,32,16,2660.4
20,2100,32,105,8750.1
40,2100,32,52,5402.3
60,2100,32,35,4489.5
80,2100,32,26,3849.3
100,2100,32,21,3295.6
20,2600,32,130,10430
40,2600,32,65,6811.7
60,2600,32,43,5252.4
80,2600,32,32,4535.4
100,2600,32,26,4253.5
20,3100,32,155,12169
40,3100,32,77,7868.5
60,3100,32,51,6234.8
80,3100,32,38,5346.2
100,3100,32,31,4909.2
20,3600,32,180,14073.9
40,3600,32,90,9044.1
60,3600,32,60,7282.5
80,3600,32,45,6275.7
100,3600,32,36,5690.8
20,4100,32,205,16082.8
40,4100,32,102,10221.8
60,4100,32,68,8322.8
80,4100,32,51,6950.2
100,4100,32,41,6399.9
20,4600,32,230,17838.6
40,4600,32,115,11369.2
60,4600,32,76,9220.3
80,4600,32,57,7973
100,4600,32,46,7480.5
20,5100,32,255,19254.6
40,5100,32,127,12788.2
60,5100,32,85,9778.7
80,5100,32,63,8608.1
100,5100,32,51,7531.1
20,5600,32,280,21297.9
40,5600,32,140,13377.5
60,5600,32,93,10760.8
80,5600,32,70,9608.3
100,5600,32,56,8307.9
20,6100,32,305,23298.3
40,6100,32,152,14447
60,6100,32,101,11718.3
80,6100,32,76,9735.5
100,6100,32,61,9119.8
20,6600,32,330,25570.8
40,6600,32,165,15808.7
60,6600,32,110,12644.3
80,6600,32,82,10810.3
100,6600,32,66,9799.4
20,7100,32,355,30647.2
40,7100,32,177,17058.4
60,7100,32,118,13295.6
80,7100,32,88,12544.9
100,7100,32,71,10783.7
20,7600,32,380,33067.1
40,7600,32,190,18370.8
60,7600,32,126,14611.2
80,7600,32,95,13533.9
100,7600,32,76,11535.1
20,8100,32,405,33101.7
40,8100,32,202,18315.6
60,8100,32,135,15193.6
80,8100,32,101,12885
100,8100,32,81,11987.5
20,8600,32,430,35085.4
40,8600,32,215,19038.1
60,8600,32,143,14864.4
80,8600,32,107,12916.9
100,8600,32,86,12692.8
20,9100,32,455,39542.5
40,9100,32,227,28848.5
60,9100,32,151,23898.4
80,9100,32,113,19988.1
100,9100,32,91,17642.1
20,9600,32,480,43231.1
40,9600,32,240,25655
60,9600,32,160,21404.1
80,9600,32,120,22389.2
100,9600,32,96,20134.2
20,10100,32,505,52499.9
40,10100,32,252,31919.3
60,10100,32,168,25004
80,10100,32,126,22117.1
100,10100,32,101,20854.3
