60,100,2,466.1089584626793,431.1
20,1100,2,845.6065279852619,24830.7
100,2100,2,831.3147445432087,9618.5
100,2600,2,819.2412737206969,11423.3
20,3100,2,822.5946222076141,79709.5
40,3100,2,817.0169878358679,36219.9
100,3600,2,789.7530627296396,20015.9
40,4100,2,788.8917956945647,46101.2
100,4600,2,756.4543955345493,24978.4
20,5600,2,751.3049719423902,140939.1
40,5600,2,742.3000091380081,73178.3
20,6100,2,735.8302308214525,161966.3
80,6100,2,709.5047736399547,38957.1
20,7100,2,704.3794511040351,161720.7
60,7100,2,682.9295943297493,53223.5
40,7600,2,676.5612586830784,88851.1
60,7600,2,665.6136801686266,62331.7
80,7600,2,655.7203988252631,50538.8
40,8100,2,659.964557110733,103863.8
60,8100,2,648.2991436811844,73208.5
40,8600,2,643.4206030768019,110522.1
20,9100,2,641.1458797926671,242327.6
40,10100,2,594.6250843886478,113887.4
100,100,8,582.7132418381689,518.7
20,600,8,627.540989152159,3413.4
80,1100,8,1007.834309946139,2381.1
40,2600,8,769.8006187987071,7412.9
60,2600,8,891.6610203075547,5735.8
20,3100,8,662.6679920207521,14869.5
20,3600,8,669.2761933080983,18875.2
20,4100,8,677.9411460488855,20593.1
80,4100,8,1076.145581035433,7695.5
20,5100,8,699.0656829564628,25603.1
80,5100,8,1122.823148791921,9188.3
80,5600,8,1146.536562528111,10214.1
20,6100,8,722.1646994484358,34903.9
100,6600,8,1345.273828452081,14675.9
40,7100,8,893.0940822991183,27841.8
80,8100,8,1253.987921700587,22136.0
60,8600,8,1102.450670846946,29259.4
100,9600,8,1467.093611523497,17432.3
100,10100,8,1482.246755639218,22964.5
20,100,14,427.0816795549654,1153.2
40,100,14,428.5578080235027,780.3
60,100,14,430.6977606251089,561.4
80,100,14,433.76979372711,459.4
20,600,14,1489.390431731873,4169.1
80,600,14,1754.415392010774,1338.9
60,1600,14,1873.848245645999,4654.7
80,1600,14,2000.0773162427,4226.9
100,3100,14,2027.96387738557,6819.2
60,3600,14,1704.601330209994,7572.9
80,3600,14,1872.611773999303,6544.7
40,4600,14,1429.034753530409,12092.5
60,4600,14,1641.134678357601,9520.1
40,5100,14,1395.829712319961,13362.7
100,5100,14,1957.452223340985,8409.0
20,5600,14,1133.045010060491,24546.2
80,5600,14,1781.720114154787,10151.1
100,6100,14,1928.461693452263,10219.7
20,6600,14,1076.147288232319,31146.9
80,6600,14,1742.728608174273,12216.2
40,7100,14,1282.487031603301,19937.6
100,7100,14,1900.730746290581,11901.8
40,7600,14,1257.019652473884,21913.2
100,7600,14,1886.911807405922,12952.2
20,8100,14,1003.03827067766,43786.0
40,8100,14,1232.254488110381,23964.7
80,8600,14,1666.947531633368,14493.5
100,8600,14,1858.850424606547,13327.8
100,9100,14,1844.485776905288,14281.6
40,100,20,426.2405840195433,633.3
80,100,20,428.3932052871937,432.8
60,600,20,1772.242688688823,1645.0
40,1600,20,1598.767044378029,4757.7
80,2100,20,2062.686619514018,5050.1
40,2600,20,1547.571964163639,7294.6
20,3600,20,1291.347106742901,15516.3
60,4100,20,1792.037617371248,12549.9
80,4600,20,2070.045846738348,7678.9
100,4600,20,2324.128806623256,6952.8
20,6600,20,1299.364066672447,26892.0
80,7100,20,2083.55155766809,12217.9
40,8100,20,1511.084982317708,21026.0
80,8600,20,2082.18094975898,14955.3
100,8600,20,2381.885795425203,13601.8
20,9100,20,1303.574476998453,43524.0
60,9600,20,1770.032043093608,18801.4
100,9600,20,2386.98485806785,14214.5
60,10100,20,1765.845980489277,20838.7
20,600,26,2093.356314285734,3116.1
100,600,26,2828.754628916926,1160.4
60,3100,26,2293.896617875752,6190.3
80,3100,26,2652.208642454994,5522.3
40,3600,26,2010.11008572173,8829.6
60,3600,26,2367.185331216571,7194.7
60,4100,26,2433.444981323955,8093.4
20,5100,26,1821.52948358359,20029.7
80,5100,26,2894.401701550113,8573.3
60,5600,26,2565.008635395841,10506.9
100,5600,26,3221.630306623097,8455.3
60,6600,26,2598.207497660584,12667.2
100,7100,26,3253.247444866588,10956.4
60,7600,26,2600.933209125777,15104.8
40,8600,26,2207.009015583364,20093.5
40,9100,26,2194.900146176499,21121.4
40,600,32,2471.154634242766,1967.0
100,1100,32,3072.052116214544,3478.2
60,2100,32,2039.739667694204,4489.5
100,2100,32,2635.919519299553,3295.6
60,2600,32,2113.060877049915,5252.4
80,4100,32,2675.721516508928,6950.2
40,4600,32,2122.914771875371,11369.2
100,5600,32,3115.485376579224,8307.9
60,6100,32,2550.929686638665,11718.3
100,6100,32,3182.736481208758,9119.8
80,6600,32,2962.61209444268,10810.3
20,7100,32,2088.599912382767,30647.2
80,7100,32,3101.827928239006,12544.9
100,7100,32,3472.132436719551,10783.7
20,8100,32,2358.576540387537,33101.7
20,8600,32,2557.548124884427,35085.4
80,8600,32,3886.380760421489,12916.9
60,9100,32,3701.290002479014,23898.4
20,10100,32,3387.657169848019,52499.9
40,10100,32,3879.878860861902,31919.3
20,100,2,536.0443162157944,1255.7
40,600,2,630.7306086704075,5727.9
60,600,2,623.6779422615364,5596.8
100,600,2,581.2607999792995,2450.0
40,1100,2,700.5924667301283,13277.0
20,1600,2,704.2365842271361,35808.3
80,1600,2,797.0969962494937,8811.0
60,2100,2,804.0822961596973,15423.6
80,2100,2,845.7528921500088,11604.1
80,3100,2,885.1176094783577,17636.1
60,4100,2,798.1069977352126,34664.6
40,4600,2,698.0251131814989,54207.0
100,5100,2,1023.690001182062,26158.8
40,6600,2,645.8534388304242,79372.3
80,6600,2,952.7838542181998,37282.9
100,6600,2,1119.818774587934,30824.5
80,7100,2,925.5362939654656,42926.2
20,7600,2,471.8626541919994,172498.7
100,7600,2,1070.655935361608,40424.8
80,8100,2,843.8263714214067,52506.6
100,8100,2,1023.283234589498,40851.1
80,8600,2,816.0955652378975,58559.7
100,8600,2,982.1080324896544,48513.2
60,9100,2,689.3632393788212,86222.1
80,9100,2,811.5743861285109,68163.3
100,10100,2,1023.988825295327,49679.8
80,100,8,554.5833874123564,373.0
100,600,8,1067.949947859263,1087.2
40,1100,8,827.8952589863657,3406.3
60,1100,8,955.9115597094096,2626.3
60,3100,8,939.067168698517,6876.6
100,3600,8,1121.548968669899,6016.3
80,4600,8,1075.769960343812,8826.2
60,6100,8,1074.205911113967,17415.3
60,7100,8,1038.361660325875,21253.9
80,7100,8,1236.626050851329,18185.8
40,7600,8,816.6563978158338,31271.9
60,7600,8,993.284764632764,23796.3
100,7600,8,1418.292445695819,17951.2
20,9100,8,682.8598958463244,80693.5
40,9100,8,790.8109003758777,45019.2
100,9100,8,1280.843944803344,23878.4
80,9600,8,1106.763812809329,19341.5
80,10100,8,1175.719846966262,25164.3
20,1100,14,1714.152612035363,6881.5
40,2100,14,1946.770833060473,7748.4
100,2100,14,2356.869401022369,4748.1
20,2600,14,1413.207949722862,14904.3
80,2600,14,2160.312030649012,6331.1
100,3600,14,1811.626101985857,5866.7
20,4100,14,876.7507428687745,16991.9
100,4600,14,1454.654608631175,7398.1
20,5100,14,973.5373525244872,21672.3
40,6100,14,1201.263025140696,16527.5
60,6600,14,1399.886106661712,14075.4
60,7600,14,1333.516954677436,16901.5
60,8100,14,1278.665100559071,18539.8
40,8600,14,1043.206419916811,21403.3
40,9100,14,1051.247477776688,21551.8
60,9100,14,1226.693848729577,17724.1
20,9600,14,973.769459084716,42126.6
20,10100,14,1096.073269867912,47388.2
40,10100,14,1210.280722994087,25792.4
60,10100,14,1349.682706996227,20887.2
100,100,20,436.9360354471419,517.2
80,1100,20,1649.650104875107,2099.5
100,1600,20,1995.988858487792,2611.8
20,2100,20,1807.144561583956,9359.5
20,2600,20,1951.221373882225,11325.5
40,3100,20,2203.231747986379,8593.5
100,3600,20,2674.454108231883,5875.5
40,4100,20,2048.629471954634,16159.6
100,5100,20,2395.821578448411,7922.3
100,5600,20,2179.271304888088,8637.2
20,6100,20,1327.294253655957,24635.3
40,6600,20,1607.5696403136,16321.9
20,8100,20,1213.550456894657,42070.5
80,8100,20,2037.440625454105,13821.5
100,8100,20,2377.771387771805,12669.3
100,9100,20,2208.031131296441,13317.2
20,100,26,926.7268446702084,838.5
60,100,26,909.4609543390088,437.1
80,100,26,860.3258527831654,384.2
100,100,26,783.0599629552521,521.4
80,600,26,1477.676550111814,977.1
40,1600,26,1866.936291864274,4435.1
80,1600,26,2079.163384221132,2895.5
60,2100,26,2089.817891434367,4418.5
80,2100,26,2212.748837565779,3725.0
100,2100,26,2314.21870395179,3231.6
40,2600,26,1969.094376685975,6843.1
80,2600,26,2293.191784548369,4605.9
20,3100,26,1740.279043325383,12176.9
40,6100,26,2113.614609298719,14692.3
20,6600,26,1575.090504391676,26357.3
40,6600,26,2006.292986889404,15838.7
20,7100,26,1840.866575592211,29609.8
40,7600,26,2354.333968004021,18780.6
100,7600,26,3528.674789064849,11481.8
80,8100,26,3218.987640444569,13207.7
80,9100,26,2765.84837707418,14055.9
20,9600,26,1706.541845068243,44275.6
40,9600,26,1956.434813034301,24668.4
80,9600,26,2622.227614756859,16364.9
40,10100,26,2038.970799567009,23033.4
60,10100,26,2295.074160954596,17953.0
40,100,32,1256.603068224613,430.0
80,600,32,1745.855340427198,2036.7
20,2100,32,2044.242475944128,8750.1
100,3100,32,2710.569342821564,4909.2
80,3600,32,2648.798098034606,6275.7
80,4600,32,2817.054555156993,7973.0
20,5100,32,1823.909649847848,19254.6
40,5100,32,2274.775356374819,12788.2
80,5100,32,2922.810977221608,8608.1
80,5600,32,3034.935358730464,9608.3
20,6100,32,1835.561224465842,23298.3
80,6100,32,3148.141239992904,9735.5
60,6600,32,2889.713714595367,12644.3
100,6600,32,3560.106231497286,9799.4
40,7600,32,2518.444170836773,18370.8
100,7600,32,3782.811700791751,11535.1
40,8600,32,3330.708444044741,19038.1
20,9100,32,3258.725507706549,39542.5
60,9600,32,4394.950901503098,21404.1
100,10100,32,5533.537774765266,20854.3
80,100,2,454.6584351518259,400.9
20,600,2,674.4485623881224,8229.7
80,600,2,671.6982146248833,2796.6
40,1600,2,807.7748882972573,17557.0
60,1600,2,819.2012060247775,11720.4
100,1600,2,843.6699656565615,7190.6
20,2600,2,756.8131246428657,62816.0
40,2600,2,768.2012643557623,31485.2
40,3600,2,735.3890159265584,41080.7
60,3600,2,748.6453321497779,27694.1
20,4600,2,688.0414774379747,106118.1
80,4600,2,733.7250243633366,30254.7
20,5100,2,668.3587884939161,121211.0
60,5600,2,681.4047433056139,49924.6
100,5600,2,721.1330076958229,27701.6
60,6600,2,639.9098297627543,50640.7
100,7100,2,669.4315567292501,35906.8
100,9100,2,597.9934395385617,58169.8
80,10100,2,520.918356645429,58938.8
40,600,8,1002.777967359057,2157.1
80,600,8,982.3922239664092,889.2
100,1100,8,1155.517999913548,2259.6
100,1600,8,1071.94413552982,2948.1
40,2100,8,728.4676427255272,6108.5
100,3100,8,1158.620982168455,5227.7
40,3600,8,791.2281212353246,10530.8
100,4100,8,1225.418548993291,6857.1
60,4600,8,972.5411602649016,10381.6
100,4600,8,1255.948796646647,7874.8
60,5100,8,996.5521567107572,10641.0
60,5600,8,1018.412310895756,12024.9
80,6100,8,1181.944895915777,14608.2
60,6600,8,1054.891752358961,19172.7
80,6600,8,1200.194236902267,16427.7
20,7100,8,793.7659633424278,48156.7
20,7600,8,804.0223970605648,54109.7
20,8100,8,812.0945312281701,61433.6
20,8600,8,818.0408454145386,71674.0
80,8600,8,1246.28183711302,24405.1
100,8600,8,1401.145994191989,21770.9
60,10100,8,1106.087578886557,29619.4
60,1100,14,1971.543309751454,3440.4
20,1600,14,1320.796830090952,9601.2
40,1600,14,1504.174540839531,6030.5
100,1600,14,2118.709600330841,3807.8
60,2600,14,1590.248420684321,7266.5
20,3600,14,1213.659472475568,14937.3
80,4100,14,1748.702332406178,7236.4
20,4600,14,1190.159280032113,19144.2
60,5100,14,1536.802362425433,10718.8
80,5100,14,1730.931192496021,9281.8
60,6100,14,1514.284943766909,12997.0
20,7100,14,1121.742183028521,36302.2
20,9100,14,1055.605320848001,37409.8
80,9100,14,1634.675501679804,15634.8
100,9600,14,1836.279922686101,15395.2
20,600,20,1484.496338253848,3279.2
40,600,20,1553.908815043761,2046.1
60,1100,20,1718.062296911073,2715.0
100,1100,20,2302.341570819883,2055.7
60,1600,20,1730.554536892587,3890.2
80,1600,20,1980.672030978687,3322.6
40,2100,20,1570.823992954802,6036.3
100,2600,20,2395.147459717981,4698.7
100,3100,20,2409.02551673107,5251.1
60,3600,20,1849.169847326976,8004.0
80,3600,20,2118.534364809476,6700.8
20,4100,20,1342.295911893107,25082.6
20,4600,20,1323.422737532549,17421.5
40,4600,20,1562.335349812514,11016.3
60,4600,20,1817.053271994835,8898.1
20,5100,20,1303.726742066119,19611.3
60,5100,20,1798.41199170297,10003.2
80,5100,20,2070.587194618228,8636.8
20,5600,20,1283.928416384314,22042.8
60,6100,20,1760.783708625107,12124.7
60,6600,20,1742.443774239629,13117.4
80,6600,20,2016.323577884848,11130.2
20,7600,20,1208.813001234739,36200.6
60,9100,20,1659.955319954584,17470.1
80,9100,20,1936.189621277896,14756.3
40,9600,20,1386.660347568356,24827.6
40,10100,20,1372.805488122696,26896.0
100,10100,20,2205.139925616556,16462.1
40,100,26,428.299396658575,454.8
40,600,26,1328.309119552857,1796.1
20,1100,26,1237.497434505533,4815.2
40,1100,26,1506.072468335589,3124.8
80,1100,26,2117.680636376855,2094.9
100,1100,26,2467.714430403003,2000.8
100,2600,26,3130.968735972721,4281.1
20,4600,26,1932.289571338013,17887.8
100,4600,26,3270.42819508046,7056.6
80,5600,26,2897.264011388331,9465.9
80,6100,26,2889.145648618501,9869.7
80,6600,26,2879.443907412647,10859.9
80,7100,26,2868.240444217836,12086.5
40,8100,26,2202.070695256704,19911.5
20,8600,26,1899.238165163227,34272.6
100,8600,26,3164.996971229773,12022.0
60,9600,26,2469.84110765326,19098.2
100,9600,26,3116.401938047673,14602.4
80,10100,26,2762.186069769268,15538.3
60,100,32,438.8300510805789,429.7
100,100,32,467.2357811319634,513.8
100,600,32,3259.327764262731,2491.3
20,1100,32,1870.723393142336,5623.4
60,1100,32,2490.576539853396,4947.8
20,1600,32,1686.009129586279,6976.3
40,1600,32,1889.359703553244,4316.4
80,1600,32,2324.704241236059,2791.8
20,2600,32,1770.1661230817,10430.0
40,2600,32,1985.399413052849,6811.7
60,4100,32,2261.688996636502,8322.8
100,4600,32,3089.029304829844,7480.5
60,5100,32,2328.628567827482,9778.7
100,5100,32,3189.194094146844,7531.1
40,5600,32,2014.686697888793,13377.5
40,6600,32,2179.043484275318,15808.7
60,7600,32,2954.475429699286,14611.2
80,7600,32,3512.601088503779,13533.9
40,8100,32,2639.051885996542,18315.6
60,8100,32,3171.230643664314,15193.6
80,8100,32,3765.316562423659,12885.0
40,9100,32,3100.603568524964,28848.5
20,9600,32,2801.628611952364,43231.1
60,1100,2,806.797398569613,8929.6
80,2600,2,864.9105885533013,14712.1
20,3600,2,680.8820232996645,93270.4
80,3600,2,835.038842370689,24026.4
80,4100,2,815.8944967442421,26800.3
100,4100,2,876.1337661718076,21365.0
40,5100,2,684.4678400575585,64290.0
80,5100,2,771.5904823185906,33784.0
40,6100,2,647.7454977306452,79069.7
20,6600,2,596.1824684361004,113399.1
20,8600,2,515.8447492921205,229120.4
40,9600,2,493.5132045370401,144096.9
60,9600,2,515.0724377286042,101394.1
20,10100,2,450.4697659350536,156272.3
60,100,8,345.742388582843,413.4
60,600,8,795.3583398523701,1622.0
20,1100,8,784.6580758671926,5613.5
20,1600,8,792.1456116562767,7927.3
60,1600,8,887.6784852399787,3777.6
80,1600,8,977.4847315918092,3261.6
20,2100,8,779.7552281854964,10196.7
60,2100,8,900.822432760865,4726.5
100,2100,8,1141.936776050208,3682.7
80,2600,8,1031.629812264822,4953.2
40,3100,8,851.6273172539368,8827.6
80,3600,8,1096.83906739777,6919.7
40,4100,8,889.6647187319732,11923.9
60,4100,8,992.9603179191068,9198.2
20,4600,8,823.3803140521227,23142.3
40,4600,8,908.1302614563324,13426.0
100,5100,8,1348.563431205594,8016.4
100,5600,8,1357.444953028139,9025.2
100,6100,8,1356.120341682436,13326.3
40,6600,8,947.947532912448,24986.4
100,7100,8,1324.032874459319,16440.9
80,7600,8,1151.358624450064,20085.4
40,8100,8,929.3195762974246,34858.7
60,9100,8,972.7288264966592,32676.6
80,9100,8,1063.395730897003,26897.2
60,9600,8,944.755532337672,22541.2
100,600,14,1097.386416344925,1534.7
80,1100,14,1767.213438511928,2508.3
100,1100,14,1857.981964653337,2447.7
60,2100,14,1741.334573322071,6082.9
80,2100,14,1840.98537148393,4929.4
100,2600,14,1906.807697259404,5569.0
60,3100,14,1725.450014206326,8854.9
40,3600,14,1615.193042797304,9329.7
100,4100,14,1507.088158816635,6823.0
80,4600,14,1334.826778802679,8127.6
40,5600,14,1082.110014668538,14818.5
60,5600,14,1144.849444689843,11782.5
100,6600,14,1625.112472739385,10945.7
60,7100,14,1197.944434662365,15519.7
80,7100,14,1412.780663664517,13433.5
20,7600,14,960.5001376403144,40444.7
80,8100,14,1559.574964288687,15584.8
100,8100,14,1922.326150207279,14225.7
60,8600,14,1356.58802373435,16781.9
40,9600,14,1235.711527269916,25213.9
60,9600,14,1451.753726040549,19821.9
100,10100,14,2186.381337826982,16572.7
60,100,20,578.8323646980057,458.1
80,600,20,1357.812397772478,1040.0
100,600,20,1469.424901770753,1354.9
20,1100,20,1315.585595718306,5467.0
40,1100,20,1406.775187575194,3429.9
60,2600,20,1704.686546443531,5758.0
60,3100,20,1682.306336467313,6863.6
80,3100,20,1874.102534791322,5864.0
40,3600,20,1518.967554218827,9843.0
80,4100,20,1865.823707989332,10552.8
100,4100,20,2105.134461487268,9977.5
40,5600,20,1646.897621274202,13674.8
80,5600,20,2000.63766396754,9553.2
40,6100,20,1715.047754174212,15001.2
100,6600,20,2401.457622987176,10179.9
40,7100,20,1861.340525162869,17850.7
80,7600,20,2218.363452241086,13189.4
100,7600,20,2429.570847011351,11750.6
20,8600,20,1800.376066636226,42649.7
60,8600,20,1921.32645692461,17415.4
20,9600,20,1542.631097951981,48024.8
20,10100,20,1389.567910077694,54668.3
60,1100,26,2185.882174816078,2059.4
60,1600,26,2107.032978608493,3590.2
100,1600,26,2763.587803928963,2567.3
20,2100,26,1709.688724842085,8697.4
40,2100,26,1890.831649713406,5415.3
20,2600,26,1750.169756819189,10384.3
60,2600,26,2183.370213458147,5148.3
40,3100,26,2005.125034834424,7883.5
80,4100,26,2804.330122045962,6492.9
100,4100,26,3293.386734590724,6385.7
60,4600,26,2494.197104382854,9023.7
80,4600,26,2892.655738561345,7756.3
60,5100,26,2546.428833885738,9726.8
20,6100,26,1993.000570389345,23371.3
60,6100,26,2584.931363409335,11587.8
20,7600,26,1916.065527476049,34026.8
20,8100,26,1875.809547490417,35538.9
60,8600,26,2371.351560274672,15343.4
60,9100,26,2337.81921285091,16413.6
100,9100,26,3235.44999730876,12815.1
80,100,32,591.501992038448,374.6
20,600,32,2596.810597417142,3339.8
40,1100,32,2857.986049268276,3361.6
80,1100,32,3953.839294289658,4225.3
60,1600,32,2320.977745670352,3440.0
100,1600,32,3016.337275163021,2660.4
80,2600,32,2295.427738536537,4535.4
100,2600,32,2582.625331915403,4253.5
40,3100,32,1892.030599763386,7868.5
80,3100,32,2327.0183186992,5346.2
100,4100,32,2809.520918356151,6399.9
60,4600,32,2257.18958326245,9220.3
20,5600,32,1932.60092423921,21297.9
60,5600,32,2437.535223854904,10760.8
40,7100,32,2445.867265885674,17058.4
60,7100,32,2818.252159285924,13295.6
20,7600,32,2245.163918480119,33067.1
100,8100,32,4490.924822366649,11987.5
80,9100,32,4192.303860312446,19988.1
100,9100,32,5106.086440610449,17642.1
40,9600,32,3091.153756785699,25655.0
80,10100,32,4621.93890558866,22117.1
40,100,2,449.4899870178183,982.8
100,100,2,536.9197283632393,510.0
80,1100,2,702.5637933890071,7011.2
100,1100,2,778.5647746616651,4340.0
20,2100,2,608.4303626712913,52576.5
40,2100,2,642.089200254783,25801.9
60,2600,2,690.0999250978762,19760.2
60,3100,2,687.5209985423262,22876.4
100,3100,2,834.7581094478451,14596.6
20,4100,2,600.1317666263712,93059.9
60,4600,2,673.0502087314585,40292.7
60,5100,2,668.353682255824,45082.1
80,5600,2,719.9477092416419,35564.3
60,6100,2,660.0334151555726,51198.6
100,6100,2,787.5465445566606,50824.6
40,7100,2,615.4952693253767,80017.3
20,8100,2,585.9481837398694,195498.8
60,8600,2,643.5467848512649,73477.4
40,9100,2,607.6309027252614,126230.2
20,9600,2,582.6888991011083,284674.0
80,9600,2,681.8943109085149,81403.8
100,9600,2,742.0500519732941,67904.0
60,10100,2,635.0327036629424,76610.6
20,100,8,387.2700231221811,908.1
40,100,8,386.5476193378322,424.2
40,1600,8,883.8437300844248,4776.0
80,2100,8,1172.871679267721,3982.5
20,2600,8,786.164444630871,12608.1
100,2600,8,1350.394216092299,4401.0
80,3100,8,1168.514365853127,5916.1
60,3600,8,994.2541056845956,8073.2
40,5100,8,825.4779269155651,13799.2
20,5600,8,722.9876176906268,26578.7
40,5600,8,816.6346422863185,15523.0
40,6100,8,809.1567856213169,22190.1
20,6600,8,714.8334537059845,42302.4
60,8100,8,891.3017598244433,26365.2
100,8100,8,1185.920155564046,19842.7
40,8600,8,781.5786631089409,39016.3
20,9600,8,698.7347314418603,49199.1
40,9600,8,771.7804343035564,29030.9
20,10100,8,695.9170303028332,65095.7
40,10100,8,766.8351187752614,38627.1
100,100,14,407.1774410896323,746.4
40,600,14,1051.696052608588,2612.3
60,600,14,1067.732528682457,1873.8
40,1100,14,1341.397359173367,4174.6
20,2100,14,1247.169156289628,12044.3
40,2600,14,1420.056662366183,9516.4
20,3100,14,1145.272865843564,17536.1
40,3100,14,1375.743404790695,11303.4
80,3100,14,1790.612535764732,7735.8
40,4100,14,1298.272842857043,12216.4
60,4100,14,1529.271392686914,8624.3
100,5600,14,1866.827429449994,9154.7
20,6100,14,1015.763599408743,27744.2
80,6100,14,1663.235655810066,11177.1
40,6600,14,1219.209078736351,18329.7
80,7600,14,1629.598552218135,15089.9
20,8600,14,1013.958627669909,34957.4
80,9600,14,1588.634607583858,17065.8
80,10100,14,1577.314917430443,17997.2
20,100,20,840.5086892334757,1008.4
20,1600,20,1839.417221209301,7383.3
60,2100,20,2115.802407593047,4714.4
100,2100,20,2291.280212609445,3836.6
80,2600,20,2240.78243875366,4772.1
20,3100,20,1494.900262792773,13386.9
40,5100,20,1596.19159577755,12486.1
60,5600,20,1852.34042283415,11534.2
80,6100,20,2087.673082667499,10278.9
100,6100,20,2324.355589125526,9480.6
20,7100,20,1360.822203715948,31294.8
60,7100,20,1864.325969639668,14078.5
100,7100,20,2311.198555613356,10994.5
40,7600,20,1646.060734103473,19450.5
60,7600,20,1874.828267703598,15191.2
60,8100,20,1885.944881547892,16480.1
40,8600,20,1683.792655403641,22560.5
40,9100,20,1700.325038097088,22905.1
80,9600,20,2096.254068697893,15853.2
80,10100,20,2096.108994088203,18174.3
60,600,26,1205.276222497873,1609.0
20,1600,26,2120.382511465143,6983.7
100,3100,26,2711.956246899053,4997.4
20,3600,26,1522.741834050747,13967.1
80,3600,26,2635.922730292661,6134.9
100,3600,26,2824.559453482896,5782.9
20,4100,26,1467.571318631032,15832.1
40,4100,26,1968.07037472754,10126.4
40,4600,26,1973.685860813076,11200.0
40,5100,26,1988.290113995748,12117.3
100,5100,26,3216.142706749756,7300.5
20,5600,26,1448.967185863386,21164.2
40,5600,26,2006.920749054875,13427.7
100,6100,26,3371.903060154029,9267.1
100,6600,26,3408.348530893981,9937.7
40,7100,26,2062.30953732516,17270.6
60,7100,26,2576.450753908895,13509.8
80,7600,26,3030.208212341155,12870.8
60,8100,26,2567.482464042433,15718.1
100,8100,26,3387.164887197176,12128.9
80,8600,26,2981.506237874391,13109.2
20,9100,26,1711.493409487895,38144.3
20,10100,26,1802.486085956937,38799.3
100,10100,26,3214.059299166093,14429.8
20,100,32,550.757326186048,901.1
60,600,32,2955.019349240093,3435.5
40,2100,32,2003.22175893377,5402.3
80,2100,32,2336.717004840229,3849.3
20,3100,32,1891.727454342913,12169.0
60,3100,32,2370.551362350708,6234.8
20,3600,32,1878.483110700521,14073.9
40,3600,32,2249.387982644233,9044.1
60,3600,32,2508.046304825039,7282.5
100,3600,32,2734.13525163185,5690.8
20,4100,32,1783.81130807682,16082.8
40,4100,32,2228.545074415424,10221.8
20,4600,32,1666.70976948373,17838.6
40,6100,32,2113.224795794827,14447.0
20,6600,32,1694.662870037936,25570.8
60,8600,32,3560.439156013962,14864.4
100,8600,32,4317.256190500729,12692.8
80,9600,32,4347.15077518611,22389.2
100,9600,32,4650.432028977761,20134.2
60,10100,32,4075.399361821845,25004.0
