20,100,2,1255.7
40,100,2,982.8
60,100,2,431.1
80,100,2,400.9
100,100,2,510
20,600,2,8229.7
40,600,2,5727.9
60,600,2,5596.8
80,600,2,2796.6
100,600,2,2450
20,1100,2,24830.7
40,1100,2,13277
60,1100,2,8929.6
80,1100,2,7011.2
100,1100,2,4340
20,1600,2,35808.3
40,1600,2,17557
60,1600,2,11720.4
80,1600,2,8811
100,1600,2,7190.6
20,2100,2,52576.5
40,2100,2,25801.9
60,2100,2,15423.6
80,2100,2,11604.1
100,2100,2,9618.5
20,2600,2,62816
40,2600,2,31485.2
60,2600,2,19760.2
80,2600,2,14712.1
100,2600,2,11423.3
20,3100,2,79709.5
40,3100,2,36219.9
60,3100,2,22876.4
80,3100,2,17636.1
100,3100,2,14596.6
20,3600,2,93270.4
40,3600,2,41080.7
60,3600,2,27694.1
80,3600,2,24026.4
100,3600,2,20015.9
20,4100,2,93059.9
40,4100,2,46101.2
60,4100,2,34664.6
80,4100,2,26800.3
100,4100,2,21365
20,4600,2,106118.1
40,4600,2,54207
60,4600,2,40292.7
80,4600,2,30254.7
100,4600,2,24978.4
20,5100,2,121211
40,5100,2,64290
60,5100,2,45082.1
80,5100,2,33784
100,5100,2,26158.8
20,5600,2,140939.1
40,5600,2,73178.3
60,5600,2,49924.6
80,5600,2,35564.3
100,5600,2,27701.6
20,6100,2,161966.3
40,6100,2,79069.7
60,6100,2,51198.6
80,6100,2,38957.1
100,6100,2,50824.6
20,6600,2,113399.1
40,6600,2,79372.3
60,6600,2,50640.7
80,6600,2,37282.9
100,6600,2,30824.5
20,7100,2,161720.7
40,7100,2,80017.3
60,7100,2,53223.5
80,7100,2,42926.2
100,7100,2,35906.8
20,7600,2,172498.7
40,7600,2,88851.1
60,7600,2,62331.7
80,7600,2,50538.8
100,7600,2,40424.8
20,8100,2,195498.8
40,8100,2,103863.8
60,8100,2,73208.5
80,8100,2,52506.6
100,8100,2,40851.1
20,8600,2,229120.4
40,8600,2,110522.1
60,8600,2,73477.4
80,8600,2,58559.7
100,8600,2,48513.2
20,9100,2,242327.6
40,9100,2,126230.2
60,9100,2,86222.1
80,9100,2,68163.3
100,9100,2,58169.8
20,9600,2,284674
40,9600,2,144096.9
60,9600,2,101394.1
80,9600,2,81403.8
100,9600,2,67904
20,10100,2,156272.3
40,10100,2,113887.4
60,10100,2,76610.6
80,10100,2,58938.8
100,10100,2,49679.8
20,100,8,908.1
40,100,8,424.2
60,100,8,413.4
80,100,8,373
100,100,8,518.7
20,600,8,3413.4
40,600,8,2157.1
60,600,8,1622
80,600,8,889.2
100,600,8,1087.2
20,1100,8,5613.5
40,1100,8,3406.3
60,1100,8,2626.3
80,1100,8,2381.1
100,1100,8,2259.6
20,1600,8,7927.3
40,1600,8,4776
60,1600,8,3777.6
80,1600,8,3261.6
100,1600,8,2948.1
20,2100,8,10196.7
40,2100,8,6108.5
60,2100,8,4726.5
80,2100,8,3982.5
100,2100,8,3682.7
20,2600,8,12608.1
40,2600,8,7412.9
60,2600,8,5735.8
80,2600,8,4953.2
100,2600,8,4401
20,3100,8,14869.5
40,3100,8,8827.6
60,3100,8,6876.6
80,3100,8,5916.1
100,3100,8,5227.7
20,3600,8,18875.2
40,3600,8,10530.8
60,3600,8,8073.2
80,3600,8,6919.7
100,3600,8,6016.3
20,4100,8,20593.1
40,4100,8,11923.9
60,4100,8,9198.2
80,4100,8,7695.5
100,4100,8,6857.1
20,4600,8,23142.3
40,4600,8,13426
60,4600,8,10381.6
80,4600,8,8826.2
100,4600,8,7874.8
20,5100,8,25603.1
40,5100,8,13799.2
60,5100,8,10641
80,5100,8,9188.3
100,5100,8,8016.4
20,5600,8,26578.7
40,5600,8,15523
60,5600,8,12024.9
80,5600,8,10214.1
100,5600,8,9025.2
20,6100,8,34903.9
40,6100,8,22190.1
60,6100,8,17415.3
80,6100,8,14608.2
100,6100,8,13326.3
20,6600,8,42302.4
40,6600,8,24986.4
60,6600,8,19172.7
80,6600,8,16427.7
100,6600,8,14675.9
20,7100,8,48156.7
40,7100,8,27841.8
60,7100,8,21253.9
80,7100,8,18185.8
100,7100,8,16440.9
20,7600,8,54109.7
40,7600,8,31271.9
60,7600,8,23796.3
80,7600,8,20085.4
100,7600,8,17951.2
20,8100,8,61433.6
40,8100,8,34858.7
60,8100,8,26365.2
80,8100,8,22136
100,8100,8,19842.7
20,8600,8,71674
40,8600,8,39016.3
60,8600,8,29259.4
80,8600,8,24405.1
100,8600,8,21770.9
20,9100,8,80693.5
40,9100,8,45019.2
60,9100,8,32676.6
80,9100,8,26897.2
100,9100,8,23878.4
20,9600,8,49199.1
40,9600,8,29030.9
60,9600,8,22541.2
80,9600,8,19341.5
100,9600,8,17432.3
20,10100,8,65095.7
40,10100,8,38627.1
60,10100,8,29619.4
80,10100,8,25164.3
100,10100,8,22964.5
20,100,14,1153.2
40,100,14,780.3
60,100,14,561.4
80,100,14,459.4
100,100,14,746.4
20,600,14,4169.1
40,600,14,2612.3
60,600,14,1873.8
80,600,14,1338.9
100,600,14,1534.7
20,1100,14,6881.5
40,1100,14,4174.6
60,1100,14,3440.4
80,1100,14,2508.3
100,1100,14,2447.7
20,1600,14,9601.2
40,1600,14,6030.5
60,1600,14,4654.7
80,1600,14,4226.9
100,1600,14,3807.8
20,2100,14,12044.3
40,2100,14,7748.4
60,2100,14,6082.9
80,2100,14,4929.4
100,2100,14,4748.1
20,2600,14,14904.3
40,2600,14,9516.4
60,2600,14,7266.5
80,2600,14,6331.1
100,2600,14,5569
20,3100,14,17536.1
40,3100,14,11303.4
60,3100,14,8854.9
80,3100,14,7735.8
100,3100,14,6819.2
20,3600,14,14937.3
40,3600,14,9329.7
60,3600,14,7572.9
80,3600,14,6544.7
100,3600,14,5866.7
20,4100,14,16991.9
40,4100,14,12216.4
60,4100,14,8624.3
80,4100,14,7236.4
100,4100,14,6823
20,4600,14,19144.2
40,4600,14,12092.5
60,4600,14,9520.1
80,4600,14,8127.6
100,4600,14,7398.1
20,5100,14,21672.3
40,5100,14,13362.7
60,5100,14,10718.8
80,5100,14,9281.8
100,5100,14,8409
20,5600,14,24546.2
40,5600,14,14818.5
60,5600,14,11782.5
80,5600,14,10151.1
100,5600,14,9154.7
20,6100,14,27744.2
40,6100,14,16527.5
60,6100,14,12997
80,6100,14,11177.1
100,6100,14,10219.7
20,6600,14,31146.9
40,6600,14,18329.7
60,6600,14,14075.4
80,6600,14,12216.2
100,6600,14,10945.7
20,7100,14,36302.2
40,7100,14,19937.6
60,7100,14,15519.7
80,7100,14,13433.5
100,7100,14,11901.8
20,7600,14,40444.7
40,7600,14,21913.2
60,7600,14,16901.5
80,7600,14,15089.9
100,7600,14,12952.2
20,8100,14,43786
40,8100,14,23964.7
60,8100,14,18539.8
80,8100,14,15584.8
100,8100,14,14225.7
20,8600,14,34957.4
40,8600,14,21403.3
60,8600,14,16781.9
80,8600,14,14493.5
100,8600,14,13327.8
20,9100,14,37409.8
40,9100,14,21551.8
60,9100,14,17724.1
80,9100,14,15634.8
100,9100,14,14281.6
20,9600,14,42126.6
40,9600,14,25213.9
60,9600,14,19821.9
80,9600,14,17065.8
100,9600,14,15395.2
20,10100,14,47388.2
40,10100,14,25792.4
60,10100,14,20887.2
80,10100,14,17997.2
100,10100,14,16572.7
20,100,20,1008.4
40,100,20,633.3
60,100,20,458.1
80,100,20,432.8
100,100,20,517.2
20,600,20,3279.2
40,600,20,2046.1
60,600,20,1645
80,600,20,1040
100,600,20,1354.9
20,1100,20,5467
40,1100,20,3429.9
60,1100,20,2715
80,1100,20,2099.5
100,1100,20,2055.7
20,1600,20,7383.3
40,1600,20,4757.7
60,1600,20,3890.2
80,1600,20,3322.6
100,1600,20,2611.8
20,2100,20,9359.5
40,2100,20,6036.3
60,2100,20,4714.4
80,2100,20,5050.1
100,2100,20,3836.6
20,2600,20,11325.5
40,2600,20,7294.6
60,2600,20,5758
80,2600,20,4772.1
100,2600,20,4698.7
20,3100,20,13386.9
40,3100,20,8593.5
60,3100,20,6863.6
80,3100,20,5864
100,3100,20,5251.1
20,3600,20,15516.3
40,3600,20,9843
60,3600,20,8004
80,3600,20,6700.8
100,3600,20,5875.5
20,4100,20,25082.6
40,4100,20,16159.6
60,4100,20,12549.9
80,4100,20,10552.8
100,4100,20,9977.5
20,4600,20,17421.5
40,4600,20,11016.3
60,4600,20,8898.1
80,4600,20,7678.9
100,4600,20,6952.8
20,5100,20,19611.3
40,5100,20,12486.1
60,5100,20,10003.2
80,5100,20,8636.8
100,5100,20,7922.3
20,5600,20,22042.8
40,5600,20,13674.8
60,5600,20,11534.2
80,5600,20,9553.2
100,5600,20,8637.2
20,6100,20,24635.3
40,6100,20,15001.2
60,6100,20,12124.7
80,6100,20,10278.9
100,6100,20,9480.6
20,6600,20,26892
40,6600,20,16321.9
60,6600,20,13117.4
80,6600,20,11130.2
100,6600,20,10179.9
20,7100,20,31294.8
40,7100,20,17850.7
60,7100,20,14078.5
80,7100,20,12217.9
100,7100,20,10994.5
20,7600,20,36200.6
40,7600,20,19450.5
60,7600,20,15191.2
80,7600,20,13189.4
100,7600,20,11750.6
20,8100,20,42070.5
40,8100,20,21026
60,8100,20,16480.1
80,8100,20,13821.5
100,8100,20,12669.3
20,8600,20,42649.7
40,8600,20,22560.5
60,8600,20,17415.4
80,8600,20,14955.3
100,8600,20,13601.8
20,9100,20,43524
40,9100,20,22905.1
60,9100,20,17470.1
80,9100,20,14756.3
100,9100,20,13317.2
20,9600,20,48024.8
40,9600,20,24827.6
60,9600,20,18801.4
80,9600,20,15853.2
100,9600,20,14214.5
20,10100,20,54668.3
40,10100,20,26896
60,10100,20,20838.7
80,10100,20,18174.3
100,10100,20,16462.1
20,100,26,838.5
40,100,26,454.8
60,100,26,437.1
80,100,26,384.2
100,100,26,521.4
20,600,26,3116.1
40,600,26,1796.1
60,600,26,1609
80,600,26,977.1
100,600,26,1160.4
20,1100,26,4815.2
40,1100,26,3124.8
60,1100,26,2059.4
80,1100,26,2094.9
100,1100,26,2000.8
20,1600,26,6983.7
40,1600,26,4435.1
60,1600,26,3590.2
80,1600,26,2895.5
100,1600,26,2567.3
20,2100,26,8697.4
40,2100,26,5415.3
60,2100,26,4418.5
80,2100,26,3725
100,2100,26,3231.6
20,2600,26,10384.3
40,2600,26,6843.1
60,2600,26,5148.3
80,2600,26,4605.9
100,2600,26,4281.1
20,3100,26,12176.9
40,3100,26,7883.5
60,3100,26,6190.3
80,3100,26,5522.3
100,3100,26,4997.4
20,3600,26,13967.1
40,3600,26,8829.6
60,3600,26,7194.7
80,3600,26,6134.9
100,3600,26,5782.9
20,4100,26,15832.1
40,4100,26,10126.4
60,4100,26,8093.4
80,4100,26,6492.9
100,4100,26,6385.7
20,4600,26,17887.8
40,4600,26,11200
60,4600,26,9023.7
80,4600,26,7756.3
100,4600,26,7056.6
20,5100,26,20029.7
40,5100,26,12117.3
60,5100,26,9726.8
80,5100,26,8573.3
100,5100,26,7300.5
20,5600,26,21164.2
40,5600,26,13427.7
60,5600,26,10506.9
80,5600,26,9465.9
100,5600,26,8455.3
20,6100,26,23371.3
40,6100,26,14692.3
60,6100,26,11587.8
80,6100,26,9869.7
100,6100,26,9267.1
20,6600,26,26357.3
40,6600,26,15838.7
60,6600,26,12667.2
80,6600,26,10859.9
100,6600,26,9937.7
20,7100,26,29609.8
40,7100,26,17270.6
60,7100,26,13509.8
80,7100,26,12086.5
100,7100,26,10956.4
20,7600,26,34026.8
40,7600,26,18780.6
60,7600,26,15104.8
80,7600,26,12870.8
100,7600,26,11481.8
20,8100,26,35538.9
40,8100,26,19911.5
60,8100,26,15718.1
80,8100,26,13207.7
100,8100,26,12128.9
20,8600,26,34272.6
40,8600,26,20093.5
60,8600,26,15343.4
80,8600,26,13109.2
100,8600,26,12022
20,9100,26,38144.3
40,9100,26,21121.4
60,9100,26,16413.6
80,9100,26,14055.9
100,9100,26,12815.1
20,9600,26,44275.6
40,9600,26,24668.4
60,9600,26,19098.2
80,9600,26,16364.9
100,9600,26,14602.4
20,10100,26,38799.3
40,10100,26,23033.4
60,10100,26,17953
80,10100,26,15538.3
100,10100,26,14429.8
20,100,32,901.1
40,100,32,430
60,100,32,429.7
80,100,32,374.6
100,100,32,513.8
20,600,32,3339.8
40,600,32,1967
60,600,32,3435.5
80,600,32,2036.7
100,600,32,2491.3
20,1100,32,5623.4
40,1100,32,3361.6
60,1100,32,4947.8
80,1100,32,4225.3
100,1100,32,3478.2
20,1600,32,6976.3
40,1600,32,4316.4
60,1600,32,3440
80,1600,32,2791.8
100,1600,32,2660.4
20,2100,32,8750.1
40,2100,32,5402.3
60,2100,32,4489.5
80,2100,32,3849.3
100,2100,32,3295.6
20,2600,32,10430
40,2600,32,6811.7
60,2600,32,5252.4
80,2600,32,4535.4
100,2600,32,4253.5
20,3100,32,12169
40,3100,32,7868.5
60,3100,32,6234.8
80,3100,32,5346.2
100,3100,32,4909.2
20,3600,32,14073.9
40,3600,32,9044.1
60,3600,32,7282.5
80,3600,32,6275.7
100,3600,32,5690.8
20,4100,32,16082.8
40,4100,32,10221.8
60,4100,32,8322.8
80,4100,32,6950.2
100,4100,32,6399.9
20,4600,32,17838.6
40,4600,32,11369.2
60,4600,32,9220.3
80,4600,32,7973
100,4600,32,7480.5
20,5100,32,19254.6
40,5100,32,12788.2
60,5100,32,9778.7
80,5100,32,8608.1
100,5100,32,7531.1
20,5600,32,21297.9
40,5600,32,13377.5
60,5600,32,10760.8
80,5600,32,9608.3
100,5600,32,8307.9
20,6100,32,23298.3
40,6100,32,14447
60,6100,32,11718.3
80,6100,32,9735.5
100,6100,32,9119.8
20,6600,32,25570.8
40,6600,32,15808.7
60,6600,32,12644.3
80,6600,32,10810.3
100,6600,32,9799.4
20,7100,32,30647.2
40,7100,32,17058.4
60,7100,32,13295.6
80,7100,32,12544.9
100,7100,32,10783.7
20,7600,32,33067.1
40,7600,32,18370.8
60,7600,32,14611.2
80,7600,32,13533.9
100,7600,32,11535.1
20,8100,32,33101.7
40,8100,32,18315.6
60,8100,32,15193.6
80,8100,32,12885
100,8100,32,11987.5
20,8600,32,35085.4
40,8600,32,19038.1
60,8600,32,14864.4
80,8600,32,12916.9
100,8600,32,12692.8
20,9100,32,39542.5
40,9100,32,28848.5
60,9100,32,23898.4
80,9100,32,19988.1
100,9100,32,17642.1
20,9600,32,43231.1
40,9600,32,25655
60,9600,32,21404.1
80,9600,32,22389.2
100,9600,32,20134.2
20,10100,32,52499.9
40,10100,32,31919.3
60,10100,32,25004
80,10100,32,22117.1
100,10100,32,20854.3
