20,100,2,418.566666666667
40,100,2,491.4
60,100,2,431.1
80,100,2,400.9
100,100,2,510
20,600,2,548.646666666667
40,600,2,715.9875
60,600,2,1119.36
80,600,2,699.15
100,600,2,816.666666666667
20,1100,2,886.810714285714
40,1100,2,948.357142857143
60,1100,2,892.96
80,1100,2,1001.6
100,1100,2,723.333333333333
20,1600,2,895.2075
40,1600,2,877.85
60,1600,2,837.171428571429
80,1600,2,881.1
100,1600,2,898.825
20,2100,2,992.009433962264
40,2100,2,955.625925925926
60,2100,2,856.866666666667
80,2100,2,828.864285714286
100,2100,2,874.409090909091
20,2600,2,966.4
40,2600,2,954.09696969697
60,2600,2,898.190909090909
80,2600,2,865.417647058824
100,2600,2,878.715384615385
20,3100,2,1021.91666666667
40,3100,2,928.715384615385
60,3100,2,879.861538461539
80,3100,2,881.805
100,3100,2,912.2875
20,3600,2,1036.33777777778
40,3600,2,912.904444444444
60,3600,2,923.136666666667
80,3600,2,1044.62608695652
100,3600,2,1111.99444444444
20,4100,2,903.494174757281
40,4100,2,886.561538461538
60,4100,2,990.417142857143
80,4100,2,1030.78076923077
100,4100,2,1017.38095238095
20,4600,2,922.766086956522
40,4600,2,934.603448275862
60,4600,2,1033.14615384615
80,4600,2,1043.26551724138
100,4600,2,1086.01739130435
20,5100,2,946.9609375
40,5100,2,1004.53125
60,5100,2,1048.42093023256
80,5100,2,1055.75
100,5100,2,1006.10769230769
20,5600,2,1006.70785714286
40,5600,2,1045.40428571429
60,5600,2,1062.22553191489
80,5600,2,1016.12285714286
100,5600,2,989.342857142857
20,6100,2,1058.60326797386
40,6100,2,1026.87922077922
60,6100,2,1003.89411764706
80,6100,2,998.9
100,6100,2,1639.50322580645
20,6600,2,687.267272727273
40,6600,2,956.292771084337
60,6600,2,920.74
80,6600,2,887.688095238095
100,6600,2,934.075757575758
20,7100,2,908.543258426966
40,7100,2,899.070786516854
60,7100,2,887.058333333333
80,7100,2,953.915555555555
100,7100,2,997.411111111111
20,7600,2,907.887894736842
40,7600,2,935.274736842105
60,7600,2,973.9328125
80,7600,2,1052.89166666667
100,7600,2,1063.81052631579
20,8100,2,963.048275862069
40,8100,2,1018.27254901961
60,8100,2,1076.59558823529
80,8100,2,1029.54117647059
100,8100,2,996.368292682927
20,8600,2,1065.67627906977
40,8600,2,1023.35277777778
60,8600,2,1020.51944444444
80,8600,2,1084.43888888889
100,8600,2,1128.21395348837
20,9100,2,1062.84035087719
40,9100,2,1107.28245614035
60,9100,2,1134.50131578947
80,9100,2,1195.84736842105
100,9100,2,1264.56086956522
20,9600,2,1186.14166666667
40,9600,2,1200.8075
60,9600,2,1267.42625
80,9600,2,1356.73
100,9600,2,1414.66666666667
20,10100,2,617.677075098814
40,10100,2,896.751181102362
60,10100,2,901.301176470588
80,10100,2,920.91875
100,10100,2,974.113725490196
20,100,8,908.1
40,100,8,424.2
60,100,8,413.4
80,100,8,373
100,100,8,518.7
20,600,8,853.35
40,600,8,1078.55
60,600,8,811
80,600,8,889.2
100,600,8,1087.2
20,1100,8,801.928571428572
40,1100,8,851.575
60,1100,8,875.433333333333
80,1100,8,1190.55
100,1100,8,1129.8
20,1600,8,792.73
40,1600,8,955.2
60,1600,8,944.4
80,1600,8,1087.2
100,1600,8,1474.05
20,2100,8,728.335714285714
40,2100,8,872.642857142857
60,2100,8,945.3
80,2100,8,995.625
100,2100,8,1227.56666666667
20,2600,8,741.652941176471
40,2600,8,823.655555555556
60,2600,8,955.966666666667
80,2600,8,990.64
100,2600,8,1100.25
20,3100,8,743.475
40,3100,8,882.76
60,3100,8,982.371428571429
80,3100,8,1183.22
100,3100,8,1306.925
20,3600,8,820.660869565218
40,3600,8,877.566666666667
60,3600,8,1009.15
80,3600,8,1153.28333333333
100,3600,8,1203.26
20,4100,8,792.042307692308
40,4100,8,917.223076923077
60,4100,8,1022.02222222222
80,4100,8,1099.35714285714
100,4100,8,1142.85
20,4600,8,798.010344827586
40,4600,8,895.066666666667
60,4600,8,1038.16
80,4600,8,1103.275
100,4600,8,1312.46666666667
20,5100,8,800.096875
40,5100,8,862.45
60,5100,8,967.363636363636
80,5100,8,1148.5375
100,5100,8,1145.2
20,5600,8,759.391428571429
40,5600,8,862.388888888889
60,5600,8,1002.075
80,5600,8,1134.9
100,5600,8,1289.31428571429
20,6100,8,894.971794871795
40,6100,8,1109.505
60,6100,8,1339.63846153846
80,6100,8,1460.82
100,6100,8,1665.7875
20,6600,8,1007.2
40,6600,8,1189.82857142857
60,6600,8,1369.47857142857
80,6600,8,1493.42727272727
100,6600,8,1630.65555555556
20,7100,8,1070.14888888889
40,7100,8,1210.51304347826
60,7100,8,1416.92666666667
80,7100,8,1515.48333333333
100,7100,8,1826.76666666667
20,7600,8,1127.28541666667
40,7600,8,1302.99583333333
60,7600,8,1487.26875
80,7600,8,1673.78333333333
100,7600,8,1795.12
20,8100,8,1204.58039215686
40,8100,8,1340.71923076923
60,8100,8,1550.89411764706
80,8100,8,1702.76923076923
100,8100,8,1803.88181818182
20,8600,8,1327.2962962963
40,8600,8,1445.04814814815
60,8600,8,1625.52222222222
80,8600,8,1743.22142857143
100,8600,8,1979.17272727273
20,9100,8,1415.67543859649
40,9100,8,1552.38620689655
60,9100,8,1719.82105263158
80,9100,8,1793.14666666667
100,9100,8,1989.86666666667
20,9600,8,819.985
40,9600,8,967.696666666667
60,9600,8,1127.06
80,9600,8,1289.43333333333
100,9600,8,1452.69166666667
20,10100,8,1017.1203125
40,10100,8,1207.096875
60,10100,8,1346.33636363636
80,10100,8,1572.76875
100,10100,8,1766.5
20,100,14,1153.2
40,100,14,780.3
60,100,14,561.4
80,100,14,459.4
100,100,14,746.4
20,600,14,1389.7
40,600,14,1306.15
60,600,14,1873.8
80,600,14,1338.9
100,600,14,1534.7
20,1100,14,1720.375
40,1100,14,2087.3
60,1100,14,1720.2
80,1100,14,2508.3
100,1100,14,2447.7
20,1600,14,1600.2
40,1600,14,2010.16666666667
60,1600,14,2327.35
80,1600,14,2113.45
100,1600,14,1903.9
20,2100,14,1505.5375
40,2100,14,1937.1
60,2100,14,2027.63333333333
80,2100,14,2464.7
100,2100,14,2374.05
20,2600,14,1490.43
40,2600,14,1903.28
60,2600,14,1816.625
80,2600,14,2110.36666666667
100,2600,14,2784.5
20,3100,14,1461.34166666667
40,3100,14,1883.9
60,3100,14,2213.725
80,3100,14,2578.6
100,3100,14,2273.06666666667
20,3600,14,1149.02307692308
40,3600,14,1332.81428571429
60,3600,14,1514.58
80,3600,14,1636.175
100,3600,14,1955.56666666667
20,4100,14,1132.79333333333
40,4100,14,1527.05
60,4100,14,1724.86
80,4100,14,1809.1
100,4100,14,2274.33333333333
20,4600,14,1126.12941176471
40,4600,14,1343.61111111111
60,4600,14,1586.68333333333
80,4600,14,1625.52
100,4600,14,1849.525
20,5100,14,1140.64736842105
40,5100,14,1336.27
60,5100,14,1531.25714285714
80,5100,14,1856.36
100,5100,14,2102.25
20,5600,14,1227.31
40,5600,14,1481.85
60,5600,14,1683.21428571429
80,5600,14,2030.22
100,5600,14,2288.675
20,6100,14,1261.1
40,6100,14,1502.5
60,6100,14,1624.625
80,6100,14,1862.85
100,6100,14,2043.94
20,6600,14,1297.7875
40,6600,14,1527.475
60,6600,14,1759.425
80,6600,14,2036.03333333333
100,6600,14,2189.14
20,7100,14,1396.23846153846
40,7100,14,1533.66153846154
60,7100,14,1724.41111111111
80,7100,14,1919.07142857143
100,7100,14,1983.63333333333
20,7600,14,1444.45357142857
40,7600,14,1565.22857142857
60,7600,14,1690.15
80,7600,14,2155.7
100,7600,14,2158.7
20,8100,14,1509.86206896552
40,8100,14,1597.64666666667
60,8100,14,1853.98
80,8100,14,1948.1
100,8100,14,2370.95
20,8600,14,1127.65806451613
40,8600,14,1337.70625
60,8600,14,1525.62727272727
80,8600,14,1811.6875
100,8600,14,1903.97142857143
20,9100,14,1133.6303030303
40,9100,14,1267.75294117647
60,9100,14,1611.28181818182
80,9100,14,1737.2
100,9100,14,2040.22857142857
20,9600,14,1203.61714285714
40,9600,14,1400.77222222222
60,9600,14,1651.825
80,9600,14,1896.2
100,9600,14,2199.31428571429
20,10100,14,1280.76216216216
40,10100,14,1357.49473684211
60,10100,14,1606.70769230769
80,10100,14,1799.72
100,10100,14,2071.5875
20,100,20,1008.4
40,100,20,633.3
60,100,20,458.1
80,100,20,432.8
100,100,20,517.2
20,600,20,1639.6
40,600,20,2046.1
60,600,20,1645
80,600,20,1040
100,600,20,1354.9
20,1100,20,1822.33333333333
40,1100,20,1714.95
60,1100,20,2715
80,1100,20,2099.5
100,1100,20,2055.7
20,1600,20,1845.825
40,1600,20,2378.85
60,1600,20,1945.1
80,1600,20,3322.6
100,1600,20,2611.8
20,2100,20,1559.91666666667
40,2100,20,2012.1
60,2100,20,2357.2
80,2100,20,2525.05
100,2100,20,1918.3
20,2600,20,1617.92857142857
40,2600,20,1823.65
60,2600,20,1919.33333333333
80,2600,20,2386.05
100,2600,20,2349.35
20,3100,20,1673.3625
40,3100,20,2148.375
60,3100,20,2287.86666666667
80,3100,20,2932
100,3100,20,2625.55
20,3600,20,1724.03333333333
40,3600,20,1968.6
60,3600,20,2668
80,3600,20,2233.6
100,3600,20,2937.75
20,4100,20,2280.23636363636
40,4100,20,2693.26666666667
60,4100,20,3137.475
80,4100,20,3517.6
100,4100,20,3325.83333333333
20,4600,20,1451.79166666667
40,4600,20,1836.05
60,4600,20,2224.525
80,4600,20,2559.63333333333
100,4600,20,2317.6
20,5100,20,1508.56153846154
40,5100,20,1783.72857142857
60,5100,20,2000.64
80,5100,20,2159.2
100,5100,20,2640.76666666667
20,5600,20,1574.48571428571
40,5600,20,1953.54285714286
60,5600,20,2306.84
80,5600,20,2388.3
100,5600,20,2879.06666666667
20,6100,20,1539.70625
40,6100,20,1875.15
60,6100,20,2020.78333333333
80,6100,20,2569.725
100,6100,20,2370.15
20,6600,20,1581.88235294118
40,6600,20,1813.54444444444
60,6600,20,2186.23333333333
80,6600,20,2226.04
100,6600,20,2544.975
20,7100,20,1738.6
40,7100,20,1983.41111111111
60,7100,20,2346.41666666667
80,7100,20,2443.58
100,7100,20,2748.625
20,7600,20,1905.29473684211
40,7600,20,1945.05
60,7600,20,2170.17142857143
80,7600,20,2637.88
100,7600,20,2937.65
20,8100,20,2003.35714285714
40,8100,20,1911.45454545455
60,8100,20,2354.3
80,8100,20,2303.58333333333
100,8100,20,2533.86
20,8600,20,1938.62272727273
40,8600,20,2050.95454545455
60,8600,20,2176.925
80,8600,20,2492.55
100,8600,20,2720.36
20,9100,20,1892.34782608696
40,9100,20,1908.75833333333
60,9100,20,2183.7625
80,9100,20,2459.38333333333
100,9100,20,2663.44
20,9600,20,2001.03333333333
40,9600,20,2068.96666666667
60,9600,20,2350.175
80,9600,20,2642.2
100,9600,20,2842.9
20,10100,20,2102.62692307692
40,10100,20,2068.92307692308
60,10100,20,2315.41111111111
80,10100,20,2596.32857142857
100,10100,20,2743.68333333333
20,100,26,838.5
40,100,26,454.8
60,100,26,437.1
80,100,26,384.2
100,100,26,521.4
20,600,26,1558.05
40,600,26,1796.1
60,600,26,1609
80,600,26,977.1
100,600,26,1160.4
20,1100,26,1605.06666666667
40,1100,26,1562.4
60,1100,26,2059.4
80,1100,26,2094.9
100,1100,26,2000.8
20,1600,26,1745.925
40,1600,26,2217.55
60,1600,26,1795.1
80,1600,26,2895.5
100,1600,26,2567.3
20,2100,26,1739.48
40,2100,26,1805.1
60,2100,26,2209.25
80,2100,26,1862.5
100,2100,26,3231.6
20,2600,26,2076.86
40,2600,26,2281.03333333333
60,2600,26,2574.15
80,2600,26,2302.95
100,2600,26,4281.1
20,3100,26,2029.48333333333
40,3100,26,2627.83333333333
60,3100,26,3095.15
80,3100,26,2761.15
100,3100,26,2498.7
20,3600,26,1995.3
40,3600,26,2207.4
60,3600,26,2398.23333333333
80,3600,26,3067.45
100,3600,26,2891.45
20,4100,26,1979.0125
40,4100,26,2531.6
60,4100,26,2697.8
80,4100,26,3246.45
100,4100,26,3192.85
20,4600,26,1987.53333333333
40,4600,26,2240
60,4600,26,3007.9
80,4600,26,2585.43333333333
100,4600,26,3528.3
20,5100,26,2002.97
40,5100,26,2423.46
60,5100,26,2431.7
80,5100,26,2857.76666666667
100,5100,26,3650.25
20,5600,26,1924.01818181818
40,5600,26,2237.95
60,5600,26,2626.725
80,5600,26,3155.3
100,5600,26,2818.43333333333
20,6100,26,1947.60833333333
40,6100,26,2448.71666666667
60,6100,26,2896.95
80,6100,26,3289.9
100,6100,26,3089.03333333333
20,6600,26,2027.48461538462
40,6600,26,2262.67142857143
60,6600,26,2533.44
80,6600,26,2714.975
100,6600,26,3312.56666666667
20,7100,26,2114.98571428571
40,7100,26,2467.22857142857
60,7100,26,2701.96
80,7100,26,3021.625
100,7100,26,3652.13333333333
20,7600,26,2268.45333333333
40,7600,26,2347.575
60,7600,26,3020.96
80,7600,26,3217.7
100,7600,26,3827.26666666667
20,8100,26,2221.18125
40,8100,26,2488.9375
60,8100,26,2619.68333333333
80,8100,26,3301.925
100,8100,26,3032.225
20,8600,26,2016.03529411765
40,8600,26,2232.61111111111
60,8600,26,2557.23333333333
80,8600,26,2621.84
100,8600,26,3005.5
20,9100,26,2119.12777777778
40,9100,26,2346.82222222222
60,9100,26,2735.6
80,9100,26,2811.18
100,9100,26,3203.775
20,9600,26,2330.2947368421
40,9600,26,2466.84
60,9600,26,2728.31428571429
80,9600,26,3272.98
100,9600,26,3650.6
20,10100,26,1939.965
40,10100,26,2303.34
60,10100,26,2564.71428571429
80,10100,26,3107.66
100,10100,26,3607.45
20,100,32,901.1
40,100,32,430
60,100,32,429.7
80,100,32,374.6
100,100,32,513.8
20,600,32,3339.8
40,600,32,1967
60,600,32,3435.5
80,600,32,2036.7
100,600,32,2491.3
20,1100,32,2811.7
40,1100,32,3361.6
60,1100,32,4947.8
80,1100,32,4225.3
100,1100,32,3478.2
20,1600,32,2325.43333333333
40,1600,32,2158.2
60,1600,32,3440
80,1600,32,2791.8
100,1600,32,2660.4
20,2100,32,2187.525
40,2100,32,2701.15
60,2100,32,2244.75
80,2100,32,3849.3
100,2100,32,3295.6
20,2600,32,2086
40,2600,32,2270.56666666667
60,2600,32,2626.2
80,2600,32,2267.7
100,2600,32,4253.5
20,3100,32,2433.8
40,3100,32,2622.83333333333
60,3100,32,3117.4
80,3100,32,2673.1
100,3100,32,4909.2
20,3600,32,2345.65
40,3600,32,3014.7
60,3600,32,3641.25
80,3600,32,3137.85
100,3600,32,2845.4
20,4100,32,2297.54285714286
40,4100,32,2555.45
60,4100,32,2774.26666666667
80,4100,32,3475.1
100,4100,32,3199.95
20,4600,32,2229.825
40,4600,32,2842.3
60,4600,32,3073.43333333333
80,4600,32,3986.5
100,4600,32,3740.25
20,5100,32,2406.825
40,5100,32,3197.05
60,5100,32,3259.56666666667
80,5100,32,4304.05
100,5100,32,3765.55
20,5600,32,2366.43333333333
40,5600,32,2675.5
60,5600,32,3586.93333333333
80,5600,32,3202.76666666667
100,5600,32,4153.95
20,6100,32,2329.83
40,6100,32,2889.4
60,6100,32,2929.575
80,6100,32,3245.16666666667
100,6100,32,4559.9
20,6600,32,2324.61818181818
40,6600,32,2634.78333333333
60,6600,32,3161.075
80,6600,32,3603.43333333333
100,6600,32,3266.46666666667
20,7100,32,2553.93333333333
40,7100,32,2843.06666666667
60,7100,32,3323.9
80,7100,32,4181.63333333333
100,7100,32,3594.56666666667
20,7600,32,2755.59166666667
40,7600,32,3061.8
60,7600,32,3652.8
80,7600,32,4511.3
100,7600,32,3845.03333333333
20,8100,32,2546.28461538462
40,8100,32,2616.51428571429
60,8100,32,3038.72
80,8100,32,3221.25
100,8100,32,3995.83333333333
20,8600,32,2506.1
40,8600,32,2719.72857142857
60,8600,32,2972.88
80,8600,32,3229.225
100,8600,32,4230.93333333333
20,9100,32,2636.16666666667
40,9100,32,3606.0625
60,9100,32,4779.68
80,9100,32,4997.025
100,9100,32,5880.7
20,9600,32,2882.07333333333
40,9600,32,3206.875
60,9600,32,4280.82
80,9600,32,5597.3
100,9600,32,6711.4
20,10100,32,3281.24375
40,10100,32,3989.9125
60,10100,32,4167.33333333333
80,10100,32,5529.275
100,10100,32,5213.575
