20,100,2,1.66666666666667,1255.7
40,100,2,1.5,982.8
60,100,2,2,431.1
80,100,2,2,400.9
100,100,2,1,510
20,600,2,2,8229.7
40,600,2,1.875,5727.9
60,600,2,2,5596.8
80,600,2,2,2796.6
100,600,2,2,2450
20,1100,2,1.96428571428571,24830.7
40,1100,2,2,13277
60,1100,2,1.9,8929.6
80,1100,2,2,7011.2
100,1100,2,1.83333333333333,4340
20,1600,2,2,35808.3
40,1600,2,2,17557
60,1600,2,1.92857142857143,11720.4
80,1600,2,2,8811
100,1600,2,2,7190.6
20,2100,2,1.9811320754717,52576.5
40,2100,2,1.96296296296296,25801.9
60,2100,2,1.94444444444444,15423.6
80,2100,2,1.92857142857143,11604.1
100,2100,2,1.90909090909091,9618.5
20,2600,2,2,62816
40,2600,2,1.96969696969697,31485.2
60,2600,2,2,19760.2
80,2600,2,1.94117647058824,14712.1
100,2600,2,2,11423.3
20,3100,2,1.98717948717949,79709.5
40,3100,2,2,36219.9
60,3100,2,2,22876.4
80,3100,2,1.95,17636.1
100,3100,2,1.9375,14596.6
20,3600,2,2,93270.4
40,3600,2,2,41080.7
60,3600,2,2,27694.1
80,3600,2,1.95652173913043,24026.4
100,3600,2,2,20015.9
20,4100,2,1.99029126213592,93059.9
40,4100,2,1.98076923076923,46101.2
60,4100,2,1.97142857142857,34664.6
80,4100,2,2,26800.3
100,4100,2,1.95238095238095,21365
20,4600,2,2,106118.1
40,4600,2,1.98275862068966,54207
60,4600,2,1.97435897435897,40292.7
80,4600,2,2,30254.7
100,4600,2,2,24978.4
20,5100,2,1.9921875,121211
40,5100,2,2,64290
60,5100,2,1.97674418604651,45082.1
80,5100,2,2,33784
100,5100,2,1.96153846153846,26158.8
20,5600,2,2,140939.1
40,5600,2,2,73178.3
60,5600,2,2,49924.6
80,5600,2,2,35564.3
100,5600,2,2,27701.6
20,6100,2,1.99346405228758,161966.3
40,6100,2,1.98701298701299,79069.7
60,6100,2,2,51198.6
80,6100,2,1.97435897435897,38957.1
100,6100,2,1.96774193548387,50824.6
20,6600,2,2,113399.1
40,6600,2,1.98795180722892,79372.3
60,6600,2,2,50640.7
80,6600,2,1.97619047619048,37282.9
100,6600,2,2,30824.5
20,7100,2,1.99438202247191,161720.7
40,7100,2,2,80017.3
60,7100,2,1.98333333333333,53223.5
80,7100,2,1.97777777777778,42926.2
100,7100,2,1.97222222222222,35906.8
20,7600,2,2,172498.7
40,7600,2,2,88851.1
60,7600,2,1.984375,62331.7
80,7600,2,1.97916666666667,50538.8
100,7600,2,2,40424.8
20,8100,2,1.99507389162562,195498.8
40,8100,2,1.99019607843137,103863.8
60,8100,2,1.98529411764706,73208.5
80,8100,2,2,52506.6
100,8100,2,1.97560975609756,40851.1
20,8600,2,2,229120.4
40,8600,2,1.99074074074074,110522.1
60,8600,2,2,73477.4
80,8600,2,2,58559.7
100,8600,2,2,48513.2
20,9100,2,1.99561403508772,242327.6
40,9100,2,2,126230.2
60,9100,2,2,86222.1
80,9100,2,2,68163.3
100,9100,2,1.97826086956522,58169.8
20,9600,2,2,284674
40,9600,2,2,144096.9
60,9600,2,2,101394.1
80,9600,2,2,81403.8
100,9600,2,2,67904
20,10100,2,1.99604743083004,156272.3
40,10100,2,1.99212598425197,113887.4
60,10100,2,1.98823529411765,76610.6
80,10100,2,1.984375,58938.8
100,10100,2,1.98039215686275,49679.8
20,100,8,5,908.1
40,100,8,3,424.2
60,100,8,2,413.4
80,100,8,2,373
100,100,8,1,518.7
20,600,8,7.5,3413.4
40,600,8,7.5,2157.1
60,600,8,5,1622
80,600,8,8,889.2
100,600,8,6,1087.2
20,1100,8,7.85714285714286,5613.5
40,1100,8,7,3406.3
60,1100,8,6.33333333333333,2626.3
80,1100,8,7,2381.1
100,1100,8,5.5,2259.6
20,1600,8,8,7927.3
40,1600,8,8,4776
60,1600,8,6.75,3777.6
80,1600,8,6.66666666666667,3261.6
100,1600,8,8,2948.1
20,2100,8,7.5,10196.7
40,2100,8,7.57142857142857,6108.5
60,2100,8,7,4726.5
80,2100,8,6.75,3982.5
100,2100,8,7,3682.7
20,2600,8,7.64705882352941,12608.1
40,2600,8,7.22222222222222,7412.9
60,2600,8,7.33333333333333,5735.8
80,2600,8,6.6,4953.2
100,2600,8,6.5,4401
20,3100,8,7.75,14869.5
40,3100,8,7.8,8827.6
60,3100,8,7.42857142857143,6876.6
80,3100,8,7.8,5916.1
100,3100,8,7.75,5227.7
20,3600,8,7.82608695652174,18875.2
40,3600,8,7.5,10530.8
60,3600,8,7.5,8073.2
80,3600,8,7.5,6919.7
100,3600,8,7.2,6016.3
20,4100,8,7.88461538461539,20593.1
40,4100,8,7.92307692307692,11923.9
60,4100,8,7.66666666666667,9198.2
80,4100,8,7.42857142857143,7695.5
100,4100,8,6.83333333333333,6857.1
20,4600,8,7.93103448275862,23142.3
40,4600,8,7.66666666666667,13426
60,4600,8,7.7,10381.6
80,4600,8,7.25,8826.2
100,4600,8,7.66666666666667,7874.8
20,5100,8,7.96875,25603.1
40,5100,8,8,13799.2
60,5100,8,7.72727272727273,10641
80,5100,8,8,9188.3
100,5100,8,7.28571428571429,8016.4
20,5600,8,8,26578.7
40,5600,8,7.77777777777778,15523
60,5600,8,7.83333333333333,12024.9
80,5600,8,7.77777777777778,10214.1
100,5600,8,8,9025.2
20,6100,8,7.82051282051282,34903.9
40,6100,8,7.65,22190.1
60,6100,8,7.84615384615385,17415.3
80,6100,8,7.7,14608.2
100,6100,8,7.625,13326.3
20,6600,8,7.85714285714286,42302.4
40,6600,8,7.85714285714286,24986.4
60,6600,8,7.85714285714286,19172.7
80,6600,8,7.54545454545455,16427.7
100,6600,8,7.33333333333333,14675.9
20,7100,8,7.88888888888889,48156.7
40,7100,8,7.73913043478261,27841.8
60,7100,8,7.93333333333333,21253.9
80,7100,8,7.41666666666667,18185.8
100,7100,8,7.88888888888889,16440.9
20,7600,8,7.91666666666667,54109.7
40,7600,8,7.91666666666667,31271.9
60,7600,8,7.9375,23796.3
80,7600,8,7.91666666666667,20085.4
100,7600,8,7.6,17951.2
20,8100,8,7.94117647058824,61433.6
40,8100,8,7.80769230769231,34858.7
60,8100,8,7.94117647058824,26365.2
80,8100,8,7.84615384615385,22136
100,8100,8,7.36363636363636,19842.7
20,8600,8,7.96296296296296,71674
40,8600,8,7.96296296296296,39016.3
60,8600,8,8,29259.4
80,8600,8,7.71428571428571,24405.1
100,8600,8,7.81818181818182,21770.9
20,9100,8,7.98245614035088,80693.5
40,9100,8,7.86206896551724,45019.2
60,9100,8,8,32676.6
80,9100,8,7.6,26897.2
100,9100,8,7.58333333333333,23878.4
20,9600,8,8,49199.1
40,9600,8,8,29030.9
60,9600,8,8,22541.2
80,9600,8,8,19341.5
100,9600,8,8,17432.3
20,10100,8,7.890625,65095.7
40,10100,8,7.90625,38627.1
60,10100,8,7.68181818181818,29619.4
80,10100,8,7.9375,25164.3
100,10100,8,7.76923076923077,22964.5
20,100,14,5,1153.2
40,100,14,3,780.3
60,100,14,2,561.4
80,100,14,2,459.4
100,100,14,1,746.4
20,600,14,10,4169.1
40,600,14,7.5,2612.3
60,600,14,10,1873.8
80,600,14,8,1338.9
100,600,14,6,1534.7
20,1100,14,13.75,6881.5
40,1100,14,14,4174.6
60,1100,14,9.5,3440.4
80,1100,14,14,2508.3
100,1100,14,11,2447.7
20,1600,14,13.3333333333333,9601.2
40,1600,14,13.3333333333333,6030.5
60,1600,14,13.5,4654.7
80,1600,14,10,4226.9
100,1600,14,8,3807.8
20,2100,14,13.125,12044.3
40,2100,14,13.25,7748.4
60,2100,14,11.6666666666667,6082.9
80,2100,14,13.5,4929.4
100,2100,14,10.5,4748.1
20,2600,14,13,14904.3
40,2600,14,13,9516.4
60,2600,14,11,7266.5
80,2600,14,11,6331.1
100,2600,14,13,5569
20,3100,14,12.9166666666667,17536.1
40,3100,14,13,11303.4
60,3100,14,13,8854.9
80,3100,14,13,7735.8
100,3100,14,10.3333333333333,6819.2
20,3600,14,13.8461538461538,14937.3
40,3600,14,12.8571428571429,9329.7
60,3600,14,12,7572.9
80,3600,14,11.25,6544.7
100,3600,14,12,5866.7
20,4100,14,13.6666666666667,16991.9
40,4100,14,12.875,12216.4
60,4100,14,13.8,8624.3
80,4100,14,13,7236.4
100,4100,14,13.6666666666667,6823
20,4600,14,13.5294117647059,19144.2
40,4600,14,12.7777777777778,12092.5
60,4600,14,12.8333333333333,9520.1
80,4600,14,11.6,8127.6
100,4600,14,11.5,7398.1
20,5100,14,13.4210526315789,21672.3
40,5100,14,12.8,13362.7
60,5100,14,12.1428571428571,10718.8
80,5100,14,12.8,9281.8
100,5100,14,12.75,8409
20,5600,14,14,24546.2
40,5600,14,14,14818.5
60,5600,14,13.4285714285714,11782.5
80,5600,14,14,10151.1
100,5600,14,14,9154.7
20,6100,14,13.8636363636364,27744.2
40,6100,14,13.9090909090909,16527.5
60,6100,14,12.75,12997
80,6100,14,12.8333333333333,11177.1
100,6100,14,12.2,10219.7
20,6600,14,13.75,31146.9
40,6600,14,13.75,18329.7
60,6600,14,13.75,14075.4
80,6600,14,13.8333333333333,12216.2
100,6600,14,13.2,10945.7
20,7100,14,13.6538461538462,36302.2
40,7100,14,13.6923076923077,19937.6
60,7100,14,13.2222222222222,15519.7
80,7100,14,12.7142857142857,13433.5
100,7100,14,11.8333333333333,11901.8
20,7600,14,13.5714285714286,40444.7
40,7600,14,13.5714285714286,21913.2
60,7600,14,12.7,16901.5
80,7600,14,13.5714285714286,15089.9
100,7600,14,12.6666666666667,12952.2
20,8100,14,13.9655172413793,43786
40,8100,14,13.5333333333333,23964.7
60,8100,14,13.5,18539.8
80,8100,14,12.75,15584.8
100,8100,14,13.5,14225.7
20,8600,14,13.8709677419355,34957.4
40,8600,14,13.4375,21403.3
60,8600,14,13.0909090909091,16781.9
80,8600,14,13.5,14493.5
100,8600,14,12.2857142857143,13327.8
20,9100,14,13.7878787878788,37409.8
40,9100,14,13.4117647058824,21551.8
60,9100,14,13.8181818181818,17724.1
80,9100,14,12.6666666666667,15634.8
100,9100,14,13,14281.6
20,9600,14,13.7142857142857,42126.6
40,9600,14,13.3333333333333,25213.9
60,9600,14,13.3333333333333,19821.9
80,9600,14,13.3333333333333,17065.8
100,9600,14,13.7142857142857,15395.2
20,10100,14,13.6486486486487,47388.2
40,10100,14,13.3157894736842,25792.4
60,10100,14,13,20887.2
80,10100,14,12.7,17997.2
100,10100,14,12.625,16572.7
20,100,20,5,1008.4
40,100,20,3,633.3
60,100,20,2,458.1
80,100,20,2,432.8
100,100,20,1,517.2
20,600,20,15,3279.2
40,600,20,15,2046.1
60,600,20,10,1645
80,600,20,8,1040
100,600,20,6,1354.9
20,1100,20,18.3333333333333,5467
40,1100,20,14,3429.9
60,1100,20,19,2715
80,1100,20,14,2099.5
100,1100,20,11,2055.7
20,1600,20,20,7383.3
40,1600,20,20,4757.7
60,1600,20,13.5,3890.2
80,1600,20,20,3322.6
100,1600,20,16,2611.8
20,2100,20,17.5,9359.5
40,2100,20,17.6666666666667,6036.3
60,2100,20,17.5,4714.4
80,2100,20,13.5,5050.1
100,2100,20,10.5,3836.6
20,2600,20,18.5714285714286,11325.5
40,2600,20,16.25,7294.6
60,2600,20,14.6666666666667,5758
80,2600,20,16.5,4772.1
100,2600,20,13,4698.7
20,3100,20,19.375,13386.9
40,3100,20,19.5,8593.5
60,3100,20,17.3333333333333,6863.6
80,3100,20,19.5,5864
100,3100,20,15.5,5251.1
20,3600,20,20,15516.3
40,3600,20,18,9843
60,3600,20,20,8004
80,3600,20,15,6700.8
100,3600,20,18,5875.5
20,4100,20,18.6363636363636,25082.6
40,4100,20,17.1666666666667,16159.6
60,4100,20,17.25,12549.9
80,4100,20,17.3333333333333,10552.8
100,4100,20,13.6666666666667,9977.5
20,4600,20,19.1666666666667,17421.5
40,4600,20,19.1666666666667,11016.3
60,4600,20,19.25,8898.1
80,4600,20,19.3333333333333,7678.9
100,4600,20,15.3333333333333,6952.8
20,5100,20,19.6153846153846,19611.3
40,5100,20,18.2857142857143,12486.1
60,5100,20,17,10003.2
80,5100,20,16,8636.8
100,5100,20,17,7922.3
20,5600,20,20,22042.8
40,5600,20,20,13674.8
60,5600,20,18.8,11534.2
80,5600,20,17.5,9553.2
100,5600,20,18.6666666666667,8637.2
20,6100,20,19.0625,24635.3
40,6100,20,19.125,15001.2
60,6100,20,17,12124.7
80,6100,20,19.25,10278.9
100,6100,20,15.25,9480.6
20,6600,20,19.4117647058824,26892
40,6600,20,18.3333333333333,16321.9
60,6600,20,18.3333333333333,13117.4
80,6600,20,16.6,11130.2
100,6600,20,16.5,10179.9
20,7100,20,19.7222222222222,31294.8
40,7100,20,19.7777777777778,17850.7
60,7100,20,19.8333333333333,14078.5
80,7100,20,17.8,12217.9
100,7100,20,17.75,10994.5
20,7600,20,20,36200.6
40,7600,20,19,19450.5
60,7600,20,18.1428571428571,15191.2
80,7600,20,19,13189.4
100,7600,20,19,11750.6
20,8100,20,19.2857142857143,42070.5
40,8100,20,18.4545454545455,21026
60,8100,20,19.2857142857143,16480.1
80,8100,20,17,13821.5
100,8100,20,16.2,12669.3
20,8600,20,19.5454545454545,42649.7
40,8600,20,19.5454545454545,22560.5
60,8600,20,18,17415.4
80,8600,20,18,14955.3
100,8600,20,17.2,13601.8
20,9100,20,19.7826086956522,43524
40,9100,20,19,22905.1
60,9100,20,19,17470.1
80,9100,20,19,14756.3
100,9100,20,18.2,13317.2
20,9600,20,20,48024.8
40,9600,20,20,24827.6
60,9600,20,20,18801.4
80,9600,20,20,15853.2
100,9600,20,19.2,14214.5
20,10100,20,19.4230769230769,54668.3
40,10100,20,19.4615384615385,26896
60,10100,20,18.7777777777778,20838.7
80,10100,20,18.1428571428571,18174.3
100,10100,20,16.8333333333333,16462.1
20,100,26,5,838.5
40,100,26,3,454.8
60,100,26,2,437.1
80,100,26,2,384.2
100,100,26,1,521.4
20,600,26,15,3116.1
40,600,26,15,1796.1
60,600,26,10,1609
80,600,26,8,977.1
100,600,26,6,1160.4
20,1100,26,18.3333333333333,4815.2
40,1100,26,14,3124.8
60,1100,26,19,2059.4
80,1100,26,14,2094.9
100,1100,26,11,2000.8
20,1600,26,20,6983.7
40,1600,26,20,4435.1
60,1600,26,13.5,3590.2
80,1600,26,20,2895.5
100,1600,26,16,2567.3
20,2100,26,21,8697.4
40,2100,26,17.6666666666667,5415.3
60,2100,26,17.5,4418.5
80,2100,26,13.5,3725
100,2100,26,21,3231.6
20,2600,26,26,10384.3
40,2600,26,21.6666666666667,6843.1
60,2600,26,22,5148.3
80,2600,26,16.5,4605.9
100,2600,26,26,4281.1
20,3100,26,25.8333333333333,12176.9
40,3100,26,26,7883.5
60,3100,26,26,6190.3
80,3100,26,19.5,5522.3
100,3100,26,15.5,4997.4
20,3600,26,25.7142857142857,13967.1
40,3600,26,22.5,8829.6
60,3600,26,20,7194.7
80,3600,26,22.5,6134.9
100,3600,26,18,5782.9
20,4100,26,25.625,15832.1
40,4100,26,25.75,10126.4
60,4100,26,23,8093.4
80,4100,26,26,6492.9
100,4100,26,20.5,6385.7
20,4600,26,25.5555555555556,17887.8
40,4600,26,23,11200
60,4600,26,25.6666666666667,9023.7
80,4600,26,19.3333333333333,7756.3
100,4600,26,23,7056.6
20,5100,26,25.5,20029.7
40,5100,26,25.6,12117.3
60,5100,26,21.25,9726.8
80,5100,26,21.3333333333333,8573.3
100,5100,26,25.5,7300.5
20,5600,26,25.4545454545455,21164.2
40,5600,26,23.3333333333333,13427.7
60,5600,26,23.5,10506.9
80,5600,26,23.3333333333333,9465.9
100,5600,26,18.6666666666667,8455.3
20,6100,26,25.4166666666667,23371.3
40,6100,26,25.5,14692.3
60,6100,26,25.5,11587.8
80,6100,26,25.6666666666667,9869.7
100,6100,26,20.3333333333333,9267.1
20,6600,26,25.3846153846154,26357.3
40,6600,26,23.5714285714286,15838.7
60,6600,26,22,12667.2
80,6600,26,20.75,10859.9
100,6600,26,22,9937.7
20,7100,26,25.3571428571429,29609.8
40,7100,26,25.4285714285714,17270.6
60,7100,26,23.8,13509.8
80,7100,26,22.25,12086.5
100,7100,26,23.6666666666667,10956.4
20,7600,26,25.3333333333333,34026.8
40,7600,26,23.75,18780.6
60,7600,26,25.4,15104.8
80,7600,26,23.75,12870.8
100,7600,26,25.3333333333333,11481.8
20,8100,26,25.3125,35538.9
40,8100,26,25.375,19911.5
60,8100,26,22.5,15718.1
80,8100,26,25.5,13207.7
100,8100,26,20.25,12128.9
20,8600,26,25.2941176470588,34272.6
40,8600,26,23.8888888888889,20093.5
60,8600,26,24,15343.4
80,8600,26,21.6,13109.2
100,8600,26,21.5,12022
20,9100,26,25.2777777777778,38144.3
40,9100,26,25.3333333333333,21121.4
60,9100,26,25.3333333333333,16413.6
80,9100,26,22.8,14055.9
100,9100,26,22.75,12815.1
20,9600,26,25.2631578947368,44275.6
40,9600,26,24,24668.4
60,9600,26,22.8571428571429,19098.2
80,9600,26,24,16364.9
100,9600,26,24,14602.4
20,10100,26,25.25,38799.3
40,10100,26,25.3,23033.4
60,10100,26,24.1428571428571,17953
80,10100,26,25.4,15538.3
100,10100,26,25.25,14429.8
20,100,32,5,901.1
40,100,32,3,430
60,100,32,2,429.7
80,100,32,2,374.6
100,100,32,1,513.8
20,600,32,30,3339.8
40,600,32,15,1967
60,600,32,10,3435.5
80,600,32,8,2036.7
100,600,32,6,2491.3
20,1100,32,27.5,5623.4
40,1100,32,28,3361.6
60,1100,32,19,4947.8
80,1100,32,14,4225.3
100,1100,32,11,3478.2
20,1600,32,26.6666666666667,6976.3
40,1600,32,20,4316.4
60,1600,32,27,3440
80,1600,32,20,2791.8
100,1600,32,16,2660.4
20,2100,32,26.25,8750.1
40,2100,32,26.5,5402.3
60,2100,32,17.5,4489.5
80,2100,32,27,3849.3
100,2100,32,21,3295.6
20,2600,32,26,10430
40,2600,32,21.6666666666667,6811.7
60,2600,32,22,5252.4
80,2600,32,16.5,4535.4
100,2600,32,26,4253.5
20,3100,32,31,12169
40,3100,32,26,7868.5
60,3100,32,26,6234.8
80,3100,32,19.5,5346.2
100,3100,32,31,4909.2
20,3600,32,30,14073.9
40,3600,32,30,9044.1
60,3600,32,30,7282.5
80,3600,32,22.5,6275.7
100,3600,32,18,5690.8
20,4100,32,29.2857142857143,16082.8
40,4100,32,25.75,10221.8
60,4100,32,23,8322.8
80,4100,32,26,6950.2
100,4100,32,20.5,6399.9
20,4600,32,28.75,17838.6
40,4600,32,28.75,11369.2
60,4600,32,25.6666666666667,9220.3
80,4600,32,29,7973
100,4600,32,23,7480.5
20,5100,32,31.875,19254.6
40,5100,32,32,12788.2
60,5100,32,28.3333333333333,9778.7
80,5100,32,32,8608.1
100,5100,32,25.5,7531.1
20,5600,32,31.1111111111111,21297.9
40,5600,32,28,13377.5
60,5600,32,31.3333333333333,10760.8
80,5600,32,23.3333333333333,9608.3
100,5600,32,28,8307.9
20,6100,32,30.5,23298.3
40,6100,32,30.6,14447
60,6100,32,25.5,11718.3
80,6100,32,25.6666666666667,9735.5
100,6100,32,30.5,9119.8
20,6600,32,30,25570.8
40,6600,32,27.5,15808.7
60,6600,32,27.5,12644.3
80,6600,32,27.6666666666667,10810.3
100,6600,32,22,9799.4
20,7100,32,29.5833333333333,30647.2
40,7100,32,29.6666666666667,17058.4
60,7100,32,29.75,13295.6
80,7100,32,29.6666666666667,12544.9
100,7100,32,23.6666666666667,10783.7
20,7600,32,31.6666666666667,33067.1
40,7600,32,31.6666666666667,18370.8
60,7600,32,31.75,14611.2
80,7600,32,31.6666666666667,13533.9
100,7600,32,25.3333333333333,11535.1
20,8100,32,31.1538461538462,33101.7
40,8100,32,29,18315.6
60,8100,32,27,15193.6
80,8100,32,25.5,12885
100,8100,32,27,11987.5
20,8600,32,30.7142857142857,35085.4
40,8600,32,30.7142857142857,19038.1
60,8600,32,28.8,14864.4
80,8600,32,27,12916.9
100,8600,32,28.6666666666667,12692.8
20,9100,32,30.3333333333333,39542.5
40,9100,32,28.5,28848.5
60,9100,32,30.4,23898.4
80,9100,32,28.5,19988.1
100,9100,32,30.3333333333333,17642.1
20,9600,32,32,43231.1
40,9600,32,30,25655
60,9600,32,32,21404.1
80,9600,32,30,22389.2
100,9600,32,32,20134.2
20,10100,32,31.5625,52499.9
40,10100,32,31.625,31919.3
60,10100,32,28.1666666666667,25004
80,10100,32,31.75,22117.1
100,10100,32,25.25,20854.3
