20,100,2,399.3
40,100,2,205.0666667
60,100,2,96.6
80,100,2,99.3
100,100,2,93
20,600,2,3614.046667
40,600,2,2206.62
60,600,2,1374.65
80,600,2,1071.1
100,600,2,831.7833333
20,1100,2,10276.33091
40,1100,2,5115.478571
60,1100,2,3628.305263
80,1100,2,2557.757143
100,1100,2,1566.163636
20,1600,2,16454.4875
40,1600,2,7289.9
60,1600,2,4832.566667
80,1600,2,3448.535
100,1600,2,2886.9625
20,2100,2,24959.09048
40,2100,2,11470.56604
60,2100,2,6872.902857
80,2100,2,4963.966667
100,2100,2,4035.97619
20,2600,2,30071.95615
40,2600,2,14567.61538
60,2600,2,8795.559091
80,2600,2,6326.375758
100,2600,2,5030.115385
20,3100,2,37725.87032
40,3100,2,16810.52436
60,3100,2,10167.40385
80,3100,2,7921.576923
100,3100,2,6375.048387
20,3600,2,43832.37944
40,3600,2,18657.34444
60,3600,2,12761.23167
80,3600,2,10769.68444
100,3600,2,8942.552778
20,4100,2,43946.43171
40,4100,2,21396.72621
60,4100,2,15090.98696
80,4100,2,11620.90962
100,4100,2,9594.358537
20,4600,2,49697.75435
40,4600,2,25625.57913
60,4600,2,18391.98312
80,4600,2,13835.24138
100,4600,2,11243.11522
20,5100,2,57436.22549
40,5100,2,29519.17969
60,5100,2,20570.75765
80,5100,2,15708.55781
100,5100,2,12301.51961
20,5600,2,66997.75179
40,5600,2,34609.04214
60,5600,2,23086.89468
80,5600,2,16478.02714
100,5600,2,12989.54286
20,6100,2,77329.62131
40,6100,2,37524.3817
60,6100,2,24446.99804
80,6100,2,18451.3026
100,6100,2,24342.02131
20,6600,2,60202.57909
40,6600,2,39115.68545
60,6600,2,23572.66455
80,6600,2,17165.35301
100,6600,2,14332.86515
20,7100,2,78117.7293
40,7100,2,37800.84045
60,7100,2,24994.45966
80,7100,2,19903.94157
100,7100,2,16540.53099
20,7600,2,82280.08632
40,7600,2,41527.07526
60,7600,2,29154.68898
80,7600,2,23440.00947
100,7600,2,18271.36842
20,8100,2,93169.00741
40,8100,2,48985.70443
60,8100,2,34436.44815
80,8100,2,25075.21078
100,8100,2,19427.05185
20,8600,2,109283.3881
40,8600,2,52714.56698
60,8600,2,35032.47639
80,8600,2,28031.9713
100,8600,2,23400.43256
20,9100,2,116652.8222
40,9100,2,60088.79605
60,9100,2,41366.62763
80,9100,2,32661.83947
100,9100,2,27803.26813
20,9600,2,136574.304
40,9600,2,68291.3475
60,9600,2,48328.73563
80,9600,2,39194.77583
100,9600,2,32718.79792
20,10100,2,75841.3202
40,10100,2,53927.56798
60,10100,2,35777.22959
80,10100,2,27444.88504
100,10100,2,23430.29406
20,100,8,132.22
40,100,8,101.8
60,100,8,94.1
80,100,8,98.2
100,100,8,94.1
20,600,8,1092.55
40,600,8,502.4866667
60,600,8,235.15
80,600,8,113.1875
100,600,8,104.5333333
20,1100,8,2063.154545
40,1100,8,1119.664286
60,1100,8,722.9631579
80,1100,8,553.3571429
100,1100,8,365.2909091
20,1600,8,3003.85125
40,1600,8,1709.7375
60,1600,8,1227.622222
80,1600,8,910.425
100,1600,8,735.05625
20,2100,8,3910.297143
40,2100,8,2308.05283
60,2100,8,1664.12
80,2100,8,1358.377778
100,2100,8,1073.628571
20,2600,8,4942.853077
40,2600,8,2850.34
60,2600,8,2175.3
80,2600,8,1757.654545
100,2600,8,1426.442308
20,3100,8,5815.693548
40,3100,8,3496.385897
60,3100,8,2656.555769
80,3100,8,2178.541026
100,3100,8,1802.719355
20,3600,8,7471.116667
40,3600,8,4197.71
60,3600,8,3122.221667
80,3600,8,2608.953333
100,3600,8,2196.483333
20,4100,8,8238.96878
40,4100,8,4861.204854
60,4100,8,3729.628986
80,4100,8,3086.875
100,4100,8,2586.097561
20,4600,8,9399.569565
40,4600,8,5504.54
60,4600,8,4193.062338
80,4600,8,3553.67069
100,4600,8,3026.582609
20,5100,8,10118.72745
40,5100,8,5556.721875
60,5100,8,4250.068235
80,5100,8,3706.035938
100,5100,8,3114.564706
20,5600,8,10518.915
40,5600,8,6327.177143
60,5600,8,4930.119149
80,5600,8,4166.422857
100,5600,8,3576.7375
20,6100,8,14920.32066
40,6100,8,9676.669281
60,6100,8,7564.765686
80,6100,8,6345.058442
100,6100,8,5574.342623
20,6600,8,18563.27152
40,6600,8,10907.26545
60,6600,8,8313.125455
80,6600,8,7107.59759
100,6600,8,6184.416667
20,7100,8,21260.35127
40,7100,8,12360.27921
60,7100,8,9405.919328
80,7100,8,7954.021348
100,7100,8,7009.698592
20,7600,8,23959.03053
40,7600,8,13871.33368
60,7600,8,10486.98346
80,7600,8,8749.436842
100,7600,8,7814.668421
20,8100,8,27283.9158
40,8100,8,15603.84532
60,8100,8,11691.48519
80,8100,8,9864.565686
100,8100,8,8631.187654
20,8600,8,30646.52488
40,8600,8,17583.3814
60,8600,8,13130.76597
80,8600,8,10917.43241
100,8600,8,9528.661628
20,9100,8,35332.59055
40,9100,8,20285.14211
60,9100,8,14702.51579
80,9100,8,12120.06491
100,9100,8,10495.72418
20,9600,8,20288.78292
40,9600,8,12212.81917
60,9600,8,9553.375625
80,9600,8,8176.0575
100,9600,8,7329.663542
20,10100,8,27672.70317
40,10100,8,17248.11502
60,10100,8,13255.24142
80,10100,8,11312.04488
100,10100,8,10068.26733
20,100,14,168.78
40,100,14,121.9333333
60,100,14,109.8
80,100,14,106.15
100,100,14,103
20,600,14,1170.723333
40,600,14,290.8533333
60,600,14,167.11
80,600,14,151.4375
100,600,14,129.3333333
20,1100,14,2351.823636
40,1100,14,1129.464286
60,1100,14,637.0526316
80,1100,14,195.4285714
100,1100,14,178.1181818
20,1600,14,3610.94125
40,1600,14,1845.6725
60,1600,14,1216.107407
80,1600,14,762.19
100,1600,14,415.75625
20,2100,14,4719.318095
40,2100,14,2724.524528
60,2100,14,1766.968571
80,2100,14,1363.092593
100,2100,14,934.0809524
20,2600,14,5872.823846
40,2600,14,3483.12
60,2600,14,2482.295455
80,2600,14,1849.560606
100,2600,14,1399.473077
20,3100,14,7100.305806
40,3100,14,4369.857692
60,3100,14,3101.838462
80,3100,14,2424.44359
100,3100,14,1880.370968
20,3600,14,5573.018889
40,3600,14,3354.208889
60,3600,14,2569.711667
80,3600,14,2082.413333
100,3600,14,1675.786111
20,4100,14,6385.280488
40,4100,14,5281.387379
60,4100,14,3031.830435
80,4100,14,2421.311538
100,4100,14,2033.634146
20,4600,14,7265.814348
40,4600,14,4495.638261
60,4600,14,3497.394805
80,4600,14,2844.439655
100,4600,14,2361.1
20,5100,14,8293.882353
40,5100,14,5097.302344
60,5100,14,3991.942353
80,5100,14,3274.39375
100,5100,14,2790.111765
20,5600,14,9486.336429
40,5600,14,5770.120714
60,5600,14,4456.064894
80,5600,14,3706.038571
100,5600,14,3153.483929
20,6100,14,10757.96361
40,6100,14,6450.684314
60,6100,14,4954.314706
80,6100,14,4194.22987
100,6100,14,3549.452459
20,6600,14,12192.01848
40,6600,14,7178.390303
60,6600,14,5509.213636
80,6600,14,4666.939759
100,6600,14,4019.093939
20,7100,14,14318.84141
40,7100,14,7968.701685
60,7100,14,6237.393277
80,7100,14,5199.81236
100,7100,14,4494.416901
20,7600,14,16180.35579
40,7600,14,8773.486316
60,7600,14,6763.600787
80,7600,14,5675.270526
100,7600,14,4961.180263
20,8100,14,17697.27975
40,8100,14,9753.74532
60,8100,14,7417.344444
80,8100,14,6260.05098
100,8100,14,5519.859259
20,8600,14,13417.81326
40,8600,14,8408.76186
60,8600,14,6636.449306
80,8600,14,5676.930556
100,8600,14,5069.4
20,9100,14,13913.98286
40,9100,14,8102.843421
60,9100,14,6860.017105
80,9100,14,6210.35614
100,9100,14,5513.828571
20,9600,14,15635.51396
40,9600,14,9866.492917
60,9600,14,7938.10875
80,9600,14,6775.249167
100,9600,14,5967.885417
20,10100,14,17920.71802
40,10100,14,9983.278261
60,10100,14,8454.240828
80,10100,14,7364.015748
100,10100,14,6573.877228
20,100,20,134.8
40,100,20,103.4
60,100,20,98.55
80,100,20,103.55
100,100,20,98.2
20,600,20,644.5033333
40,600,20,166.0733333
60,600,20,137.66
80,600,20,124.25
100,600,20,110.1833333
20,1100,20,1552.625455
40,1100,20,724.9571429
60,1100,20,281.5736842
80,1100,20,156.6428571
100,1100,20,134.6909091
20,1600,20,2367.8025
40,1600,20,1202.1825
60,1600,20,762.7333333
80,1600,20,361.33
100,1600,20,164.63125
20,2100,20,3167.66
40,2100,20,1780.064151
60,2100,20,1124.468571
80,2100,20,840.862963
100,2100,20,474.8619048
20,2600,20,4014.699231
40,2600,20,2254.278462
60,2600,20,1612.195455
80,2600,20,1193.887879
100,2600,20,881.5769231
20,3100,20,4816.643226
40,3100,20,2853.755128
60,3100,20,2041.432692
80,3100,20,1597.648718
100,3100,20,1209.780645
20,3600,20,5684.84
40,3600,20,3384.048889
60,3600,20,2504.128333
80,3600,20,1911.484444
100,3600,20,1474.166667
20,4100,20,10479.26537
40,4100,20,6522.593204
60,4100,20,4716.246377
80,4100,20,3695.944231
100,4100,20,2966.304878
20,4600,20,6444.016957
40,4600,20,3937.791304
60,4600,20,3038.436364
80,4600,20,2452.115517
100,4600,20,2028.241304
20,5100,20,7235.224314
40,5100,20,4614.777344
60,5100,20,3471.116471
80,5100,20,2877.55625
100,5100,20,2416.341176
20,5600,20,8276.501786
40,5600,20,5096.123571
60,5600,20,3958.884043
80,5600,20,3246.925714
100,5600,20,2738.751786
20,6100,20,9244.025902
40,6100,20,5616.507843
60,6100,20,4368.569608
80,6100,20,3635.78961
100,6100,20,3083.881967
20,6600,20,10071.47636
40,6600,20,6147.953333
60,6600,20,4805.181818
80,6600,20,3922.512048
100,6600,20,3361.277273
20,7100,20,11684.96225
40,7100,20,6772.946629
60,7100,20,5288.931933
80,7100,20,4362.064045
100,7100,20,3739.816901
20,7600,20,13885.36132
40,7600,20,7421.511579
60,7600,20,5711.708661
80,7600,20,4826.571579
100,7600,20,4131.175
20,8100,20,16962.25506
40,8100,20,8168.547291
60,8100,20,6284.714815
80,8100,20,5324.512745
100,8100,20,4546.574074
20,8600,20,16773.12744
40,8600,20,8800.536744
60,8600,20,6751.229167
80,8600,20,5681.519444
100,8600,20,4949.556977
20,9100,20,16139.46374
40,9100,20,8546.041228
60,9100,20,6440.720395
80,9100,20,5334.605263
100,9100,20,4630.114286
20,9600,20,18063.13438
40,9600,20,9360.982917
60,9600,20,7001.39
80,9600,20,5796.6175
100,9600,20,5038.595833
20,10100,20,21531.40495
40,10100,20,10303.13004
60,10100,20,8127.588166
80,10100,20,7209.853543
100,10100,20,6282.192079
20,100,26,134.6
40,100,26,103.2
60,100,26,102.95
80,100,26,96.2
100,100,26,92.7
20,600,26,392.65
40,600,26,155.3666667
60,600,26,126.22
80,600,26,115.35
100,600,26,101.2666667
20,1100,26,1188.390909
40,1100,26,412.2928571
60,1100,26,165.5315789
80,1100,26,143.8571429
100,1100,26,125.4545455
20,1600,26,1975.89875
40,1600,26,896.3425
60,1600,26,399.1814815
80,1600,26,154.26
100,1600,26,143.15625
20,2100,26,2675.168571
40,2100,26,1348.737736
60,2100,26,806.8371429
80,2100,26,411.4074074
100,2100,26,165.6619048
20,2600,26,3362.245385
40,2600,26,1835.306154
60,2600,26,1200.827273
80,2600,26,761.5363636
100,2600,26,393.8730769
20,3100,26,4121.227097
40,3100,26,2353.460256
60,3100,26,1532.671154
80,3100,26,1034.992308
100,3100,26,539.0322581
20,3600,26,4723.405556
40,3600,26,2641.135556
60,3600,26,1786.803333
80,3600,26,1309.222222
100,3600,26,885.9555556
20,4100,26,5441.289756
40,4100,26,3159.100971
60,4100,26,2231.336232
80,4100,26,1673.440385
100,4100,26,1212.441463
20,4600,26,6200.293913
40,4600,26,3630.710435
60,4600,26,2637.328571
80,4600,26,1975.022414
100,4600,26,1508.704348
20,5100,26,7300.37451
40,5100,26,4065.541406
60,5100,26,2935.884706
80,5100,26,2304.95
100,5100,26,1760.470588
20,5600,26,7532.958571
40,5600,26,4567.632143
60,5600,26,3343.280851
80,5600,26,2631.422857
100,5600,26,2084.607143
20,6100,26,8332.665574
40,6100,26,5051.245752
60,6100,26,3752.327451
80,6100,26,2972.522078
100,6100,26,2403.154098
20,6600,26,9282.233333
40,6600,26,5523.255152
60,6600,26,4203.034545
80,6600,26,3328.055422
100,6600,26,2726.551515
20,7100,26,10611.36563
40,7100,26,6137.997753
60,7100,26,4629.67563
80,7100,26,3788.31236
100,7100,26,3158.614085
20,7600,26,12553.94132
40,7600,26,6751.764737
60,7600,26,5168.098425
80,7600,26,4118.634737
100,7600,26,3495.009211
20,8100,26,12838.99506
40,8100,26,7243.360099
60,8100,26,5467.823704
80,8100,26,4496.505882
100,8100,26,3736.285185
20,8600,26,11971.14767
40,8600,26,6847.345116
60,8600,26,5191.673611
80,8600,26,4209.382407
100,8600,26,3541.906977
20,9100,26,13305.14396
40,9100,26,7471.559649
60,9100,26,5571.119079
80,9100,26,4555.67193
100,9100,26,3853.096703
20,9600,26,15695.63729
40,9600,26,9180.414583
60,9600,26,6888.205625
80,9600,26,5656.124167
100,9600,26,4810.815625
20,10100,26,13253.22119
40,10100,26,8498.258498
60,10100,26,6562.224852
80,10100,26,5583.040157
100,10100,26,4797.569307
20,100,32,126.9
40,100,32,101.7666667
60,100,32,101
80,100,32,96.4
100,100,32,92.9
20,600,32,331
40,600,32,146.8533333
60,600,32,123.93
80,600,32,111.6125
100,600,32,97.91666667
20,1100,32,1043.256364
40,1100,32,193.1107143
60,1100,32,158.0526316
80,1100,32,136.6357143
100,1100,32,126.8
20,1600,32,1997.7625
40,1600,32,899.7925
60,1600,32,378.4111111
80,1600,32,155.515
100,1600,32,146.98125
20,2100,32,2673.847619
40,2100,32,1363.060377
60,2100,32,798.4542857
80,2100,32,430.562963
100,2100,32,162.6285714
20,2600,32,3382.91
40,2600,32,1836.784615
60,2600,32,1208.140909
80,2600,32,783.969697
100,2600,32,364.2615385
20,3100,32,4083.732903
40,3100,32,2347.947436
60,3100,32,1547.519231
80,3100,32,1138.761538
100,3100,32,733.283871
20,3600,32,4809.457222
40,3600,32,2788.15
60,3600,32,1953.365
80,3600,32,1437.968889
100,3600,32,1071.025
20,4100,32,5561.067805
40,4100,32,3341.31068
60,4100,32,2425.56087
80,4100,32,1811.326923
100,4100,32,1401.809756
20,4600,32,6383.002174
40,4600,32,3790.621739
60,4600,32,2790.685714
80,4600,32,2173.251724
100,4600,32,1998.867391
20,5100,32,6944.493333
40,5100,32,4170.3375
60,5100,32,3027.798824
80,5100,32,2484.003125
100,5100,32,1827.539216
20,5600,32,7602.052857
40,5600,32,4611.456429
60,5600,32,3442.917021
80,5600,32,2737.68
100,5600,32,2063.903571
20,6100,32,8349.414426
40,6100,32,5038.526144
60,6100,32,3763.64902
80,6100,32,3004.616883
100,6100,32,2345.998361
20,6600,32,9208.609091
40,6600,32,5492.361818
60,6600,32,4104.292727
80,6600,32,3303.136145
100,6600,32,2678.015152
20,7100,32,11022.93493
40,7100,32,5991.979775
60,7100,32,4503.594958
80,7100,32,3609.316854
100,7100,32,2924.774648
20,7600,32,12006.09368
40,7600,32,6423.72
60,7600,32,4868.122047
80,7600,32,3744.221053
100,7600,32,3168.107895
20,8100,32,11772.89012
40,8100,32,5910.337931
60,8100,32,4847.112593
80,8100,32,4008.74902
100,8100,32,3335.893827
20,8600,32,11679.84651
40,8600,32,6280.448837
60,8600,32,4718.416667
80,8600,32,3757.293519
100,8600,32,3622.531395
20,9100,32,13909.49253
40,9100,32,10725.57632
60,9100,32,8683.968421
80,9100,32,6779.005263
100,9100,32,5499.165934
20,9600,32,16365.43188
40,9600,32,9379.909167
60,9600,32,7425.404375
80,9600,32,7641.6075
100,9600,32,6300.805208
20,10100,32,20102.34535
40,10100,32,11821.41146
60,10100,32,8887.748521
80,10100,32,7429.323622
100,10100,32,6641.886139
