S,N,M,T_actual,prediction,fold,K,saturated,abs_err,pct_err,abs_pct_err
60,100,2,431.1,4706.762344428726,1,2.0,False,4275.662344428725,991.8029098651648,991.8029098651648
20,1100,2,24830.7,9985.80146184262,1,55.0,True,14844.89853815738,-59.78445447835695,59.78445447835695
100,2100,2,9618.5,5000.622866123619,1,21.0,True,4617.877133876381,-48.010366833460324,48.010366833460324
100,2600,2,11423.3,5726.023843313473,1,26.0,True,5697.2761566865265,-49.87417083230351,49.87417083230351
20,3100,2,79709.5,17166.166280506506,1,155.0,True,62543.333719493494,-78.4640898757281,78.4640898757281
40,3100,2,36219.9,13495.175605556937,1,78.0,True,22724.724394443067,-62.74099153902431,62.74099153902431
100,3600,2,20015.9,7507.705826031289,1,36.0,True,12508.194173968714,-62.49129029405979,62.49129029405979
40,4100,2,46101.2,17693.84730134375,1,103.0,True,28407.352698656247,-61.61955154888864,61.61955154888864
100,4600,2,24978.4,9843.670587097848,1,46.0,True,15134.729412902154,-60.59126850759918,60.59126850759918
20,5600,2,140939.1,33789.052042948846,1,280.0,True,107150.04795705117,-76.0257784795356,76.0257784795356
40,5600,2,73178.3,26563.458492510814,1,140.0,True,46614.84150748919,-63.70036131952941,63.70036131952941
20,6100,2,161966.3,38689.72876875085,1,305.0,True,123276.57123124914,-76.11248218379326,76.11248218379326
80,6100,2,38957.1,18798.36717275104,1,77.0,True,20158.732827248958,-51.74597910842685,51.74597910842685
20,7100,2,161720.7,50726.44735618769,1,355.0,True,110994.25264381233,-68.63329966034794,68.63329966034794
60,7100,2,53223.5,31351.142346494857,1,119.0,True,21872.357653505143,-41.09530123630566,41.09530123630566
40,7600,2,88851.1,45662.91730475085,1,190.0,True,43188.182695249154,-48.60736974021611,48.60736974021611
60,7600,2,62331.7,35898.24141891427,1,127.0,True,26433.458581085724,-42.407729263096826,42.407729263096826
80,7600,2,50538.8,28221.62325530728,1,95.0,True,22317.176744692722,-44.158501477464284,44.158501477464284
40,8100,2,103863.8,52285.69777457362,1,203.0,True,51578.10222542638,-49.659363729640525,49.659363729640525
60,8100,2,73208.5,41104.820463894765,1,135.0,True,32103.679536105235,-43.852393555536906,43.852393555536906
40,8600,2,110522.1,59869.00076940768,1,215.0,True,50653.09923059233,-45.83074265743442,45.83074265743442
20,9100,2,242327.6,87198.74328884257,1,455.0,True,155128.85671115742,-64.01617344089465,64.01617344089465
40,10100,2,113887.4,89879.0720515255,1,253.0,True,24008.3279484745,-21.08075866906655,21.08075866906655
100,100,8,518.7,2416.744958116366,1,1.0,False,1898.044958116366,365.923454427678,365.923454427678
20,600,8,3413.4,7246.364574586082,1,30.0,True,3832.964574586082,112.29169082399022,112.29169082399022
80,1100,8,2381.1,4031.129559885172,1,14.0,True,1650.0295598851721,69.29694510458076,69.29694510458076
40,2600,8,7412.9,9793.097274269772,1,65.0,True,2380.1972742697726,32.10885448703979,32.10885448703979
60,2600,8,5735.8,7698.74814431352,1,44.0,True,1962.94814431352,34.22274389472297,34.22274389472297
20,3100,8,14869.5,14263.95335037101,1,155.0,True,605.54664962899,-4.07240761040378,4.07240761040378
20,3600,8,18875.2,16332.844063825904,1,180.0,True,2542.355936174097,-13.469292702456649,13.469292702456649
20,4100,8,20593.1,18701.792455640305,1,205.0,True,1891.3075443596936,-9.184180839017406,9.184180839017406
80,4100,8,7695.5,9086.465491560251,1,52.0,True,1390.9654915602514,18.07505024443183,18.07505024443183
20,5100,8,25603.1,24520.247076469284,1,255.0,True,1082.8529235307142,-4.229382080805505,4.229382080805505
80,5100,8,9188.3,11913.583725717164,1,64.0,True,2725.283725717165,29.66036944502427,29.66036944502427
80,5600,8,10214.1,13641.592995665153,1,70.0,True,3427.492995665152,33.55648559995645,33.55648559995645
20,6100,8,34903.9,32148.82787257096,1,305.0,True,2755.072127429041,-7.893307416732917,7.893307416732917
100,6600,8,14675.9,14060.936367843826,1,66.0,True,614.9636321561738,-4.190295873889668,4.190295873889668
40,7100,8,27841.8,33137.043033672104,1,178.0,True,5295.2430336721045,19.01903983820049,19.01903983820049
80,8100,8,22136.0,26851.65114765894,1,102.0,True,4715.65114765894,21.303086138683323,21.303086138683323
60,8600,8,29259.4,39109.47697693013,1,144.0,True,9850.076976930126,33.664658116468985,33.664658116468985
100,9600,8,17432.3,31691.27565468805,1,96.0,True,14258.975654688049,81.79629569642589,81.79629569642589
100,10100,8,22964.5,36287.70532254472,1,101.0,True,13323.205322544723,58.01652691129667,58.01652691129667
20,100,14,1153.2,5258.370928484881,1,5.0,False,4105.170928484881,355.98082973334033,355.98082973334033
40,100,14,780.3,4133.718127952949,1,3.0,False,3353.4181279529485,429.7601086701203,429.7601086701203
60,100,14,561.4,3249.558713216256,1,2.0,False,2688.158713216256,478.8312634870424,478.8312634870424
80,100,14,459.4,2554.466085253379,1,2.0,False,2095.066085253379,456.0439889537177,456.0439889537177
20,600,14,4169.1,6021.153911737589,1,30.0,True,1852.0539117375884,44.42335064492548,44.42335064492548
80,600,14,1338.9,2925.0933086639643,1,8.0,False,1586.1933086639642,118.4698863741851,118.4698863741851
60,1600,14,4654.7,4878.913940152795,1,27.0,True,224.21394015279475,4.816936433127694,4.816936433127694
80,1600,14,4226.9,3835.403422683228,1,20.0,True,391.49657731677144,-9.262026007636127,9.262026007636127
100,3100,14,6819.2,4526.834295604205,1,31.0,True,2292.3657043957946,-33.61634362382383,33.61634362382383
60,3600,14,7572.9,8387.500999569074,1,60.0,True,814.6009995690747,10.756790655747134,10.756790655747134
80,3600,14,6544.7,6593.721616119503,1,45.0,True,49.02161611950305,0.7490277036304651,0.7490277036304651
40,4600,14,12092.5,13988.698429498663,1,115.0,True,1896.1984294986632,15.680780893104512,15.680780893104512
60,4600,14,9520.1,10997.170786502516,1,77.0,True,1477.070786502516,15.515286462353506,15.515286462353506
40,5100,14,13362.7,16017.668062551878,1,128.0,True,2654.9680625518777,19.868500097673955,19.868500097673955
100,5100,14,8409.0,7782.281217735935,1,51.0,True,626.7187822640653,-7.452952577762699,7.452952577762699
20,5600,14,24546.2,23329.945798107507,1,280.0,True,1216.2542018924942,-4.954959227466957,4.954959227466957
80,5600,14,10151.1,11335.230422736944,1,70.0,True,1184.1304227369437,11.665045391503813,11.665045391503813
100,6100,14,10219.7,10203.666616411509,1,61.0,True,16.033383588492143,-0.1568870278823463,0.1568870278823463
20,6600,14,31146.9,30588.22285535893,1,330.0,True,558.6771446410712,-1.7936845870409934,1.7936845870409934
80,6600,14,12216.2,14861.941337291531,1,83.0,True,2645.7413372915307,21.65764589063318,21.65764589063318
40,7100,14,19937.6,27534.85712830717,1,178.0,True,7597.25712830717,38.10517378374112,38.10517378374112
100,7100,14,11901.8,13378.347069563466,1,71.0,True,1476.5470695634667,12.406082017539084,12.406082017539084
40,7600,14,21913.2,31528.468442731344,1,190.0,True,9615.268442731343,43.87888780612299,43.87888780612299
100,7600,14,12952.2,15318.795539630808,1,76.0,True,2366.5955396308073,18.271764948277568,18.271764948277568
20,8100,14,43786.0,45921.19006024638,1,405.0,True,2135.1900602463793,4.8764218248901,4.8764218248901
40,8100,14,23964.7,36101.28567242376,1,203.0,True,12136.585672423756,50.643595256455356,50.643595256455356
80,8600,14,14493.5,25548.17971780927,1,108.0,True,11054.679717809271,76.27336197474227,76.27336197474227
100,8600,14,13327.8,20084.796946059203,1,86.0,True,6756.996946059204,50.69851697999073,50.69851697999073
100,9100,14,14281.6,22997.90277636752,1,91.0,True,8716.302776367518,61.03169656318283,61.03169656318283
40,100,20,633.3,3434.7191075359096,1,3.0,False,2801.4191075359095,442.3526144853797,442.3526144853797
80,100,20,432.8,2122.4491411659565,1,2.0,False,1689.6491411659565,390.3995242989733,390.3995242989733
60,600,20,1645.0,3091.771298095582,1,10.0,False,1446.771298095582,87.94962298453387,87.94962298453387
40,1600,20,4757.7,5156.88670395211,1,40.0,True,399.1867039521103,8.390329443893274,8.390329443893274
80,2100,20,5050.1,3649.178151020215,1,27.0,True,1400.9218489797854,-27.740477396086916,27.740477396086916
40,2600,20,7294.6,6761.509639136954,1,65.0,True,533.090360863046,-7.308013610932004,7.308013610932004
20,3600,20,15516.3,11276.994779158236,1,180.0,True,4239.305220841763,-27.3216244906438,27.3216244906438
60,4100,20,12549.9,7980.30949612765,1,69.0,True,4569.5905038723495,-36.41136984256727,36.41136984256727
80,4600,20,7678.9,7183.628358208517,1,58.0,True,495.2716417914826,-6.449773298147946,6.449773298147946
100,4600,20,6952.8,5647.282564441117,1,46.0,True,1305.5174355588833,-18.77685875559319,18.77685875559319
20,6600,20,26892.0,25416.93036345688,1,330.0,True,1475.0696365431213,-5.485161522174332,5.485161522174332
80,7100,20,12217.9,14140.469952951908,1,89.0,True,1922.569952951908,15.735682506420154,15.735682506420154
40,8100,20,21026.0,29997.97668281325,1,203.0,True,8971.976682813249,42.67086789124536,42.67086789124536
80,8600,20,14955.3,21228.936895796327,1,108.0,True,6273.636895796328,41.9492547511339,41.9492547511339
100,8600,20,13601.8,16689.171910661153,1,86.0,True,3087.3719106611534,22.698259867526016,22.698259867526016
20,9100,20,43524.0,50028.99189100399,1,455.0,True,6504.991891003992,14.945758411460325,14.945758411460325
60,9600,20,18801.4,35404.66006545554,1,160.0,True,16603.260065455535,88.30863693903397,88.30863693903397
100,9600,20,14214.5,21881.498570241387,1,96.0,True,7666.998570241387,53.93787027501064,53.93787027501064
60,10100,20,20838.7,40539.65346599523,1,169.0,True,19700.95346599523,94.5402230753129,94.5402230753129
20,600,26,3116.1,4157.103879923749,1,30.0,True,1041.0038799237495,33.40726805698628,33.40726805698628
100,600,26,1160.4,1587.3410557940954,1,6.0,False,426.9410557940953,36.79257633523744,36.79257633523744
60,3100,26,6190.3,5057.360707498136,1,52.0,True,1132.9392925018637,-18.301847931471233,18.301847931471233
80,3100,26,5522.3,3975.691509195889,1,39.0,True,1546.6084908041112,-28.006600344133986,28.006600344133986
40,3600,26,8829.6,7366.425246160883,1,90.0,True,1463.1747538391173,-16.571246192796018,16.571246192796018
60,3600,26,7194.7,5790.99055093368,1,60.0,True,1403.7094490663194,-19.51032633836462,19.51032633836462
60,4100,26,8093.4,6631.021020639576,1,69.0,True,1462.3789793604237,-18.068784186626434,18.068784186626434
20,5100,26,20029.7,14067.823440562095,1,255.0,True,5961.876559437906,-29.765181502658077,29.765181502658077
80,5100,26,8573.3,6834.874793895048,1,64.0,True,1738.425206104951,-20.277200215843973,20.277200215843973
60,5600,26,10506.9,9955.347411421875,1,94.0,True,551.5525885781244,-5.249432169128139,5.249432169128139
100,5600,26,8455.3,6152.529057006219,1,56.0,True,2302.7709429937804,-27.23464505095952,27.23464505095952
60,6600,26,12667.2,13052.775548956271,1,110.0,True,385.5755489562707,3.043889327998853,3.043889327998853
100,7100,26,10956.4,9237.009485670274,1,71.0,True,1719.3905143297252,-15.693024299311137,15.693024299311137
60,7600,26,15104.8,17113.81621131915,1,127.0,True,2009.016211319151,13.300515142995279,13.300515142995279
40,8600,26,20093.5,28541.77748610261,1,215.0,True,8448.277486102608,42.044827860266295,42.044827860266295
40,9100,26,21121.4,32681.425603190244,1,228.0,True,11560.025603190243,54.731341687531334,54.731341687531334
40,600,32,1967.0,2715.309069208156,1,15.0,False,748.309069208156,38.043165694364816,38.043165694364816
100,1100,32,3478.2,1510.2403935280051,1,11.0,False,1967.9596064719947,-56.57982883307443,56.57982883307443
60,2100,32,4489.5,3204.8665385141785,1,35.0,True,1284.6334614858215,-28.614176667464562,28.614176667464562
100,2100,32,3295.6,1980.3885637417343,1,21.0,False,1315.2114362582656,-39.908102811575,39.908102811575
60,2600,32,5252.4,3669.8233699317225,1,44.0,True,1582.5766300682772,-30.130542800782067,30.130542800782067
80,4100,32,6950.2,4331.41192759061,1,52.0,True,2618.78807240939,-37.67931962259202,37.67931962259202
40,4600,32,11369.2,8025.451370011805,1,115.0,True,3343.7486299881957,-29.410588519756846,29.410588519756846
100,5600,32,8307.9,5112.237881200062,1,56.0,True,3195.662118799938,-38.4653416483099,38.4653416483099
60,6100,32,11718.3,9472.05008911718,1,102.0,True,2246.2499108828197,-19.16873531896964,19.16873531896964
100,6100,32,9119.8,5853.826732440525,1,61.0,True,3265.973267559474,-35.81189573849727,35.81189573849727
80,6600,32,10810.3,8526.465867853181,1,83.0,True,2283.834132146818,-21.1264639477796,21.1264639477796
20,7100,32,30647.2,20094.634307042303,1,355.0,True,10552.565692957698,-34.4323973901619,34.4323973901619
80,7100,32,12544.9,9763.230861749616,1,89.0,True,2781.669138250383,-22.17370515707884,22.17370515707884
100,7100,32,10783.7,7675.268302533344,1,71.0,True,3108.431697466657,-28.825279796977448,28.825279796977448
20,8100,32,33101.7,26346.40321105096,1,405.0,True,6755.2967889490355,-20.407703498457895,20.407703498457895
20,8600,32,35085.4,30167.64934401336,1,430.0,True,4917.7506559866415,-14.016515861260356,14.016515861260356
80,8600,32,12916.9,14657.58964595548,1,108.0,True,1740.689645955481,13.476063497863116,13.476063497863116
60,9100,32,23898.4,21349.01232131185,1,152.0,True,2549.387678688152,-10.667608202591603,10.667608202591603
20,10100,32,52499.9,45289.80243678031,1,505.0,True,7210.097563219693,-13.733545327171468,13.733545327171468
40,10100,32,31919.3,35604.912648347534,1,253.0,True,3685.6126483475346,11.546658756136678,11.546658756136678
20,100,2,1255.7,6591.322573192147,2,5.0,True,5335.622573192147,424.912206195122,424.912206195122
40,600,2,5727.9,6026.129461349596,2,15.0,True,298.229461349596,5.206610823331344,5.206610823331344
60,600,2,5596.8,4728.769987217916,2,10.0,True,868.0300127820838,-15.509398455940604,15.509398455940604
100,600,2,2450.0,2911.7219135339915,2,6.0,True,461.7219135339915,18.84579238914251,18.84579238914251
40,1100,2,13277.0,7020.874921596977,2,28.0,True,6256.125078403023,-47.12002017325467,47.12002017325467
20,1600,2,35808.3,10423.7622078458,2,80.0,True,25384.537792154202,-70.89009473265752,70.89009473265752
80,1600,2,8811.0,5036.959367040758,2,20.0,True,3774.0406329592424,-42.83328376982457,42.83328376982457
60,2100,2,15423.6,7478.416680102966,2,35.0,True,7945.183319897034,-51.51315723888739,51.51315723888739
80,2100,2,11604.1,5868.447597285684,2,27.0,True,5735.652402714316,-49.427809159816924,49.427809159816924
80,3100,2,17636.1,7965.771624277184,2,39.0,True,9670.328375722815,-54.83257849367386,54.83257849367386
60,4100,2,34664.6,13778.64423692772,2,69.0,True,20885.955763072277,-60.25154123535906,60.25154123535906
40,4600,2,54207.0,20456.42997171103,2,115.0,True,33750.570028288974,-62.26238313924212,62.26238313924212
100,5100,2,26158.8,11517.134495550454,2,51.0,True,14641.665504449546,-55.972236893319064,55.972236893319064
40,6600,2,79372.3,37688.5845048921,2,165.0,True,41683.71549510791,-52.5167035541466,52.5167035541466
80,6600,2,37282.9,23209.278511654084,2,83.0,True,14073.621488345918,-37.74819418110157,37.74819418110157
100,6600,2,30824.5,18213.18959114391,2,66.0,True,12611.31040885609,-40.91326837047183,40.91326837047183
80,7100,2,42926.2,27040.01075800865,2,89.0,True,15886.189241991346,-37.008142444454315,37.008142444454315
20,7600,2,172498.7,65188.40047589939,2,380.0,True,107310.29952410061,-62.20933811333106,62.20933811333106
100,7600,2,40424.8,24721.648322311496,2,76.0,True,15703.151677688507,-38.8453416657312,38.8453416657312
80,8100,2,52506.6,36702.54895038212,2,102.0,True,15804.051049617876,-30.099170484506477,30.099170484506477
100,8100,2,40851.1,28801.989111673887,2,81.0,True,12049.110888326111,-29.495193246512606,29.495193246512606
80,8600,2,58559.7,42760.27326632624,2,108.0,True,15799.426733673754,-26.98003359592647,26.98003359592647
100,8600,2,48513.2,33555.76831023404,2,86.0,True,14957.43168976596,-30.831674038748137,30.831674038748137
60,9100,2,86222.1,63482.91426556221,2,152.0,True,22739.185734437793,-26.3728043441737,26.3728043441737
80,9100,2,68163.3,49817.79255952415,2,114.0,True,18345.507440475856,-26.91405410312566,26.91405410312566
100,10100,2,49679.8,53063.95946064933,2,101.0,True,3384.1594606493236,6.811942601720062,6.811942601720062
80,100,8,373.0,2619.874504011511,2,2.0,False,2246.874504011511,602.3792235955793,602.3792235955793
100,600,8,1087.2,2395.1736948164566,2,6.0,False,1307.9736948164566,120.30663123771674,120.30663123771674
40,1100,8,3406.3,5775.600882233761,2,28.0,True,2369.3008822337606,69.55643608119544,69.55643608119544
60,1100,8,2626.3,4532.168510172981,2,19.0,True,1905.8685101729807,72.56857594992881,72.56857594992881
60,3100,8,6876.6,8350.647194947749,2,52.0,True,1474.0471949477487,21.435697800479144,21.435697800479144
100,3600,8,6016.3,5991.026301493486,2,36.0,True,25.273698506513938,-0.4200870718965799,0.4200870718965799
80,4600,8,8826.2,10363.04639004389,2,58.0,True,1536.8463900438892,17.412322290950684,17.412322290950684
60,6100,8,17415.3,20883.66698435833,2,102.0,True,3468.3669843583302,19.915631567405274,19.915631567405274
60,7100,8,21253.9,28346.364816819987,2,119.0,True,7092.464816819986,33.37018061071137,33.37018061071137
80,7100,8,18185.8,22244.5011439708,2,89.0,True,4058.7011439708003,22.317968656703584,22.317968656703584
40,7600,8,31271.9,42083.84781258302,2,190.0,True,10811.947812583021,34.57400353858582,34.57400353858582
60,7600,8,23796.3,33024.945664027175,2,127.0,True,9228.645664027175,38.78185122908677,38.78185122908677
100,7600,8,17951.2,20337.281969474305,2,76.0,True,2386.081969474304,13.292047158264095,13.292047158264095
20,9100,8,80693.5,84804.48991922033,2,455.0,True,4110.98991922033,5.094573812290123,5.094573812290123
40,9100,8,45019.2,66549.82880556276,2,228.0,True,21530.628805562767,47.825436270664,47.825436270664
100,9100,8,23878.4,32160.920308645003,2,91.0,True,8282.520308645002,34.68624492698423,34.68624492698423
80,9600,8,19341.5,47746.98399414635,2,120.0,True,28405.48399414635,146.86288030476618,146.86288030476618
80,10100,8,25164.3,55627.53320396983,2,127.0,True,30463.233203969834,121.05734395143052,121.05734395143052
20,1100,14,6881.5,6054.669075215562,2,55.0,True,826.8309247844381,-12.015271739946787,12.015271739946787
40,2100,14,7748.4,6449.25335769582,2,53.0,True,1299.1466423041793,-16.766643982037316,16.766643982037316
100,2100,14,4748.1,3116.2043712165187,2,21.0,True,1631.8956287834817,-34.36944522616376,34.36944522616376
20,2600,14,14904.3,9575.125776254195,2,130.0,True,5329.174223745804,-35.75595112649238,35.75595112649238
80,2600,14,6331.1,4626.840097698456,2,33.0,True,1704.2599023015446,-26.918859318310318,26.918859318310318
100,3600,14,5866.7,4928.387778343251,2,36.0,True,938.312221656749,-15.993867449447713,15.993867449447713
20,4100,14,16991.9,15142.196192466276,2,205.0,True,1849.703807533726,-10.885797394839457,10.885797394839457
100,4600,14,7398.1,6689.801140421581,2,46.0,True,708.2988595784191,-9.574064416247673,9.574064416247673
20,5100,14,21672.3,20553.29982589733,2,255.0,True,1119.000174102668,-5.163273736994542,5.163273736994542
40,6100,14,16527.5,21892.607431373915,2,153.0,True,5365.1074313739155,32.46169978141833,32.46169978141833
60,6600,14,14075.4,20015.557882263965,2,110.0,True,5940.157882263966,42.20240904176056,42.20240904176056
60,7600,14,16901.5,27168.05512979928,2,127.0,True,10266.555129799279,60.74345549092849,60.74345549092849
60,8100,14,18539.8,31652.16226950676,2,135.0,True,13112.36226950676,70.72547853540362,70.72547853540362
40,8600,14,21403.3,46991.67552759511,2,215.0,True,25588.375527595108,119.55341245319697,119.55341245319697
40,9100,14,21551.8,54747.56511744419,2,228.0,True,33195.765117444185,154.027807967057,154.027807967057
60,9100,14,17724.1,42962.75609588291,2,152.0,True,25238.656095882914,142.39739166379627,142.39739166379627
20,9600,14,42126.6,81279.39575508618,2,480.0,True,39152.79575508618,92.94079217189658,92.94079217189658
20,10100,14,47388.2,94694.29005974226,2,505.0,True,47306.09005974226,99.82672914299818,99.82672914299818
40,10100,14,25792.4,74310.81688192474,2,253.0,True,48518.416881924735,188.11129201596103,188.11129201596103
60,10100,14,20887.2,58314.95346303694,2,169.0,True,37427.753463036934,179.1899032088405,179.1899032088405
100,100,20,517.2,1390.919993304434,2,1.0,False,873.719993304434,168.9327133225897,168.9327133225897
80,1100,20,2099.5,2406.520036793084,2,14.0,False,307.0200367930838,14.623483533845382,14.623483533845382
100,1600,20,2611.8,2200.1111837203034,2,16.0,False,411.68881627969677,-15.762647074036936,15.762647074036936
20,2100,20,9359.5,6760.865772246243,2,105.0,True,2598.634227753757,-27.764669349364357,27.764669349364357
20,2600,20,11325.5,7876.875528279941,2,130.0,True,3448.624471720059,-30.450085839212914,30.450085839212914
40,3100,20,8593.5,7201.465468304539,2,78.0,True,1392.0345316954608,-16.198691239837796,16.198691239837796
100,3600,20,5875.5,4054.199801646976,2,36.0,True,1821.300198353024,-30.998216293983898,30.998216293983898
40,4100,20,16159.6,9775.115480485822,2,103.0,True,6384.484519514179,-39.508926703100194,39.508926703100194
100,5100,20,7922.3,6411.685842980963,2,51.0,True,1510.6141570190375,-19.067873685912392,19.067873685912392
100,5600,20,8637.2,7470.065320509183,2,56.0,True,1167.1346794908177,-13.512882409702422,13.512882409702422
20,6100,20,24635.3,22950.2898969425,2,305.0,True,1685.0101030574988,-6.839819702043405,6.839819702043405
40,6600,20,16321.9,20982.559887733867,2,165.0,True,4660.659887733867,28.55464062231644,28.55464062231644
20,8100,20,42070.5,42283.1276378932,2,405.0,True,212.6276378932016,0.5054079174081639,0.5054079174081639
80,8100,20,13821.5,20433.587635020136,2,102.0,True,6612.087635020136,47.83914651101643,47.83914651101643
100,8100,20,12669.3,16034.975320770804,2,81.0,True,3365.6753207708043,26.56559810542654,26.56559810542654
100,9100,20,13317.2,21765.09485570774,2,91.0,True,8447.894855707738,63.435968940225706,63.435968940225706
20,100,26,838.5,3018.3644816292044,2,5.0,False,2179.8644816292044,259.97191194146745,259.97191194146745
60,100,26,437.1,1858.4073526523896,2,2.0,False,1421.3073526523895,325.16754807878965,325.16754807878965
80,100,26,384.2,1458.1637938067995,2,2.0,False,1073.9637938067995,279.5324814697552,279.5324814697552
100,100,26,521.4,1144.0739796846935,2,1.0,False,622.6739796846936,119.42347136261864,119.42347136261864
80,600,26,977.1,1698.9909684933143,2,8.0,False,721.8909684933143,73.88097108722897,73.88097108722897
40,1600,26,4435.1,3745.905589472961,2,40.0,True,689.1944105270395,-15.539546132602183,15.539546132602183
80,1600,26,2895.5,2306.4470952910783,2,20.0,False,589.0529047089217,-20.343736995645713,20.343736995645713
60,2100,26,4418.5,3424.6644477687773,2,35.0,True,993.8355522312227,-22.49260048050747,22.49260048050747
80,2100,26,3725.0,2687.278888854024,2,27.0,True,1037.721111145976,-27.85828486297922,27.85828486297922
100,2100,26,3231.6,2108.618000958981,2,21.0,False,1122.9819990410188,-34.75003091474869,34.75003091474869
40,2600,26,6843.1,5084.783735911228,2,65.0,True,1758.3162640887722,-25.69473285628987,25.69473285628987
80,2600,26,4605.9,3130.9649317232006,2,33.0,True,1474.935068276799,-32.02273319604853,32.02273319604853
20,3100,26,12176.9,7549.417328616593,2,155.0,True,4627.482671383406,-38.00214070398383,38.00214070398383
40,6100,26,14692.3,14815.84960076285,2,153.0,True,123.54960076284988,0.8409139533146606,0.8409139533146606
20,6600,26,26357.3,21996.277861257924,2,330.0,True,4361.022138742075,-16.545784806266482,16.545784806266482
40,6600,26,15838.7,17261.291327217306,2,165.0,True,1422.5913272173057,8.981742991642658,8.981742991642658
20,7100,26,29609.8,25626.81084227457,2,355.0,True,3982.9891577254275,-13.451590884522785,13.451590884522785
40,7600,26,18780.6,23429.60917338785,2,190.0,True,4649.009173387851,24.7543165467975,24.7543165467975
100,7600,26,11481.8,11322.27573589163,2,76.0,True,159.5242641083696,-1.3893663372325735,1.3893663372325735
80,8100,26,13207.7,16809.674966237384,2,102.0,True,3601.9749662373833,27.271780599478962,27.271780599478962
80,9100,26,14055.9,22816.61717540524,2,114.0,True,8760.717175405242,62.32768570781837,62.32768570781837
20,9600,26,44275.6,55006.81007280622,2,480.0,True,10731.210072806221,24.237300167148998,24.237300167148998
40,9600,26,24668.4,43166.19772046914,2,240.0,True,18497.79772046914,74.98580256712694,74.98580256712694
80,9600,26,16364.9,26582.54276974528,2,120.0,True,10217.64276974528,62.43632878749812,62.43632878749812
40,10100,26,23033.4,50290.71267230546,2,253.0,True,27257.31267230546,118.33820743922068,118.33820743922068
60,10100,26,17953.0,39465.2558235466,2,169.0,True,21512.2558235466,119.8254098119902,119.8254098119902
40,100,32,430.0,1948.2355163944435,2,3.0,False,1518.2355163944435,353.07802706847525,353.07802706847525
80,600,32,2036.7,1397.5110014113588,2,8.0,False,639.1889985886412,-31.383561574539264,31.383561574539264
20,2100,32,8750.1,4575.200997572715,2,105.0,True,4174.899002427285,-47.71258616961275,47.71258616961275
100,3100,32,4909.2,2354.636276688597,2,31.0,False,2554.563723311403,-52.036252817391905,52.036252817391905
80,3600,32,6275.7,3496.2067014644103,2,45.0,True,2779.4932985355895,-44.28977322905157,44.28977322905157
80,4600,32,7973.0,4745.860186015326,2,58.0,True,3227.139813984674,-40.47585368098174,40.47585368098174
20,5100,32,19254.6,11442.543010965574,2,255.0,True,7812.056989034425,-40.572419001352536,40.572419001352536
40,5100,32,12788.2,8979.282674827871,2,128.0,True,3808.9173251721295,-29.784624303436992,29.784624303436992
80,5100,32,8608.1,5529.304054402137,2,64.0,True,3078.7959455978635,-35.76626602383642,35.76626602383642
80,5600,32,9608.3,6442.051140254918,2,70.0,True,3166.248859745081,-32.95326810929177,32.95326810929177
20,6100,32,23298.3,15531.653155148118,2,305.0,True,7766.646844851881,-33.335680478197474,33.335680478197474
80,6100,32,9735.5,7505.442247582357,2,77.0,True,2230.0577524176433,-22.906453211623884,22.906453211623884
60,6600,32,12644.3,11143.156842967044,2,110.0,True,1501.143157032955,-11.8720938053744,11.8720938053744
100,6600,32,9799.4,6861.8770388606135,2,66.0,True,2937.522961139386,-29.976559392813705,29.976559392813705
40,7600,32,18370.8,19274.37575555164,2,190.0,True,903.5757555516393,4.918543316304349,4.918543316304349
100,7600,32,11535.1,9314.182246346749,2,76.0,True,2220.9177536532516,-19.253563069702487,19.253563069702487
40,8600,32,19038.1,26162.027111379943,2,215.0,True,7123.927111379944,37.41931763873467,37.41931763873467
20,9100,32,39542.5,38840.95308502148,2,455.0,True,701.5469149785204,-1.7741592336815333,1.7741592336815333
60,9600,32,21404.1,27866.796502182216,2,160.0,True,6462.696502182218,30.193731584987077,30.193731584987077
100,10100,32,20854.3,19993.20781408963,2,101.0,True,861.0921859103692,-4.129086979233871,4.129086979233871
80,100,2,400.9,3440.5658883917904,3,2.0,False,3039.6658883917903,758.2104984763757,758.2104984763757
20,600,2,8229.7,8289.218734339373,3,30.0,True,59.518734339371804,0.7232187605790222,0.7232187605790222
80,600,2,2796.6,3981.545125597951,3,8.0,True,1184.9451255979511,42.370919173208584,42.370919173208584
40,1600,2,17557.0,8693.41024753769,3,40.0,True,8863.58975246231,-50.48464858724333,50.48464858724333
60,1600,2,11720.4,6808.34022413755,3,27.0,True,4912.05977586245,-41.910342444476726,41.910342444476726
100,1600,2,7190.6,4175.715025365293,3,16.0,True,3014.8849746347078,-41.92814194413133,41.92814194413133
20,2600,2,62816.0,14864.668952043114,3,130.0,True,47951.33104795689,-76.33617398108267,76.33617398108267
40,2600,2,31485.2,11641.583530323696,3,65.0,True,19843.616469676304,-63.02521968949317,63.02521968949317
40,3600,2,41080.7,15589.44804665772,3,90.0,True,25491.251953342275,-62.0516494444892,62.0516494444892
60,3600,2,27694.1,12209.220356981485,3,60.0,True,15484.879643018514,-55.914002054656095,55.914002054656095
20,4600,2,106118.1,26655.48766013513,3,230.0,True,79462.61233986488,-74.88129955197547,74.88129955197547
80,4600,2,30254.7,12804.53244713546,3,58.0,True,17450.167552864543,-57.677542837524555,57.677542837524555
20,5100,2,121211.0,30845.61704560331,3,255.0,True,90365.38295439669,-74.5521305445848,74.5521305445848
60,5600,2,49924.6,21893.84975909373,3,94.0,True,28030.75024090627,-56.14616890452056,56.14616890452056
100,5600,2,27701.6,13428.869114596177,3,56.0,True,14272.730885403822,-51.523128214268574,51.523128214268574
60,6600,2,50640.7,29318.13838277061,3,110.0,True,21322.56161722939,-42.105582302830314,42.105582302830314
100,7100,2,35906.8,20809.64931716192,3,71.0,True,15097.150682838084,-42.045380492937504,42.045380492937504
100,9100,2,58169.8,37315.77454354209,3,91.0,True,20854.025456457915,-35.850261572943204,35.850261572943204
80,10100,2,58938.8,63803.07651909822,3,127.0,True,4864.276519098217,8.253097312972468,8.253097312972468
40,600,8,2157.1,5322.081294275579,3,15.0,True,3164.9812942755793,146.72390219626254,146.72390219626254
80,600,8,889.2,3264.073104179879,3,8.0,False,2374.873104179879,267.0797463090282,267.0797463090282
100,1100,8,2259.6,2958.119008321409,3,11.0,True,698.5190083214093,30.913392119021477,30.913392119021477
100,1600,8,2948.1,3423.2624912119936,3,16.0,True,475.1624912119937,16.11758390868674,16.11758390868674
40,2100,8,6108.5,8247.537432246185,3,53.0,True,2139.037432246185,35.01739268635811,35.01739268635811
100,3100,8,5227.7,5305.166818638179,3,31.0,True,77.46681863817957,1.481852796414859,1.481852796414859
40,3600,8,10530.8,12780.764171878149,3,90.0,True,2249.9641718781495,21.365557905174818,21.365557905174818
100,4100,8,6857.1,7104.426205224526,3,41.0,True,247.32620522452544,3.606863035751636,3.606863035751636
60,4600,8,10381.6,13403.942011634792,3,77.0,True,3022.3420116347916,29.11248758991669,29.11248758991669
100,4600,8,7874.8,8221.327108238556,3,46.0,True,346.52710823855614,4.400455989213137,4.400455989213137
60,5100,8,10641.0,15511.062880279733,3,85.0,True,4870.062880279733,45.76696626519813,45.76696626519813
60,5600,8,12024.9,17949.40176920601,3,94.0,True,5924.501769206012,49.26861569914105,49.26861569914105
80,6100,8,14608.2,16267.357058916665,3,77.0,True,1659.157058916664,11.357710456570036,11.357710456570036
60,6600,8,19172.7,24036.174006142468,3,110.0,True,4863.474006142467,25.366662004529704,25.366662004529704
80,6600,8,16427.7,18824.57771885377,3,83.0,True,2396.877718853768,14.590464391568922,14.590464391568922
20,7100,8,48156.7,45347.00789838503,3,355.0,True,2809.6921016149645,-5.8344780718258615,5.8344780718258615
20,7600,8,54109.7,52475.254608533294,3,380.0,True,1634.4453914667029,-3.020614402716524,3.020614402716524
20,8100,8,61433.6,60723.989373517456,3,405.0,True,709.610626482543,-1.1550855337836998,1.1550855337836998
20,8600,8,71674.0,70269.34154632987,3,430.0,True,1404.6584536701266,-1.959788003557952,1.959788003557952
80,8600,8,24405.1,33756.22826711877,3,108.0,True,9351.128267118773,38.31628744450452,38.31628744450452
100,8600,8,21770.9,26437.187956426835,3,86.0,True,4666.287956426833,21.433601534281234,21.433601534281234
60,10100,8,29619.4,66789.65859817048,3,169.0,True,37170.25859817048,125.49294920953997,125.49294920953997
60,1100,14,3440.4,3954.166995971201,3,19.0,True,513.7669959712007,14.933350656063269,14.933350656063269
20,1600,14,9601.2,7460.731737969726,3,80.0,True,2140.4682620302747,-22.29375767643914,22.29375767643914
40,1600,14,6030.5,5842.923695626233,3,40.0,True,187.57630437376702,-3.110460233376453,3.110460233376453
100,1600,14,3807.8,2806.367401776675,3,16.0,True,1001.4325982233254,-26.299506229931335,26.299506229931335
60,2600,14,7266.5,6127.845533908573,3,44.0,True,1138.654466091427,-15.66991627456722,15.66991627456722
20,3600,14,14937.3,13379.061175726083,3,180.0,True,1558.2388242739162,-10.43186402009678,10.43186402009678
80,4100,14,7236.4,7437.021545936696,3,52.0,True,200.62154593669675,2.772394366490199,2.772394366490199
20,4600,14,19144.2,17916.084131537205,3,230.0,True,1228.1158684627953,-6.415080643029196,6.415080643029196
60,5100,14,10718.8,12716.500418314548,3,85.0,True,1997.700418314549,18.63735136689321,18.63735136689321
80,5100,14,9281.8,9959.168048596555,3,64.0,True,677.368048596556,7.297809138276586,7.297809138276586
60,6100,14,12997.0,17028.856735721263,3,102.0,True,4031.8567357212632,31.021441376635096,31.021441376635096
20,7100,14,36302.2,37177.376201053805,3,355.0,True,875.1762010538077,2.410807612359052,2.410807612359052
20,9100,14,37409.8,66665.68884019814,3,455.0,True,29255.88884019814,78.20380980437783,78.20380980437783
80,9100,14,15634.8,32025.0665234961,3,114.0,True,16390.266523496102,104.83195514810618,104.83195514810618
100,9600,14,15395.2,29024.059834072945,3,96.0,True,13628.859834072944,88.52668256387018,88.52668256387018
20,600,20,3279.2,4567.383996894769,3,30.0,True,1288.1839968947688,39.28348368183608,39.28348368183608
40,600,20,2046.1,3576.894304926744,3,15.0,False,1530.7943049267442,74.81522432563142,74.81522432563142
60,1100,20,2715.0,3241.627258152308,3,19.0,False,526.6272581523081,19.396952418132894,19.396952418132894
100,1100,20,2055.7,1987.963621288164,3,11.0,False,67.73637871183587,-3.2950517445072665,3.2950517445072665
60,1600,20,3890.2,3751.3353612503583,3,27.0,True,138.86463874964147,-3.56960153076041,3.56960153076041
80,1600,20,3322.6,2937.776453187492,3,20.0,False,384.8235468125081,-11.582000445810753,11.582000445810753
40,2100,20,6036.3,5543.231521420912,3,53.0,True,493.06847857908815,-8.16838922152789,8.16838922152789
100,2600,20,4698.7,3081.057172264932,3,26.0,True,1617.6428277350678,-34.427454992552576,34.427454992552576
100,3100,20,5251.1,3565.5252871138923,3,31.0,True,1685.574712886108,-32.09945940633597,32.09945940633597
60,3600,20,8004.0,6727.528771664308,3,60.0,True,1276.471228335692,-15.947916395998153,15.947916395998153
80,3600,20,6700.8,5268.689410749428,3,45.0,True,1432.110589250572,-21.372233005769044,21.372233005769044
20,4100,20,25082.6,12692.895538800554,3,205.0,True,12389.704461199444,-49.39561473371757,49.39561473371757
20,4600,20,17421.5,14688.247116673134,3,230.0,True,2733.252883326866,-15.688964115184492,15.688964115184492
40,4600,20,11016.3,11503.412422014057,3,115.0,True,487.1124220140573,4.421742527110348,4.421742527110348
60,4600,20,8898.1,9009.094535448658,3,77.0,True,110.99453544865719,1.2473959097858776,1.2473959097858776
20,5100,20,19611.3,16997.2477164042,3,255.0,True,2614.0522835958,-13.32931668780652,13.32931668780652
60,5100,20,10003.2,10425.389973924206,3,85.0,True,422.18997392420533,4.22054916350973,4.22054916350973
80,5100,20,8636.8,8164.802466256228,3,64.0,True,471.9975337437709,-5.464958477025877,5.464958477025877
20,5600,20,22042.8,19669.199781735355,3,280.0,True,2373.6002182646444,-10.76814296851872,10.76814296851872
60,6100,20,12124.7,13960.85741586334,3,102.0,True,1836.1574158633393,15.14394101184639,15.14394101184639
60,6600,20,13117.4,16155.519735213702,3,110.0,True,3038.1197352137024,23.160990251221296,23.160990251221296
80,6600,20,11130.2,12652.5597680383,3,83.0,True,1522.359768038299,13.677739555787847,13.677739555787847
20,7600,20,36200.6,35270.76876101213,3,380.0,True,929.8312389878702,-2.568552010154169,2.568552010154169
60,9100,20,17470.1,33524.163157449,3,152.0,True,16054.063157449003,91.8945120946589,91.8945120946589
80,9100,20,14756.3,26255.43781571536,3,114.0,True,11499.13781571536,77.92697231497976,77.92697231497976
40,9600,20,24827.6,49533.82256883657,3,240.0,True,24706.222568836572,99.51111895163677,99.51111895163677
40,10100,20,26896.0,57320.19406293393,3,253.0,True,30424.19406293393,113.11791367836828,113.11791367836828
100,10100,20,16462.1,27535.576455239105,3,101.0,True,11073.476455239106,67.26648760023998,67.26648760023998
40,100,26,454.8,2533.8665118821905,3,3.0,False,2079.0665118821903,457.13863497849394,457.13863497849394
40,600,26,1796.1,2932.321807084537,3,15.0,False,1136.221807084537,63.26049813955442,63.26049813955442
20,1100,26,4815.2,4333.104939887424,3,55.0,True,482.095060112576,-10.011942600776209,10.011942600776209
40,1100,26,3124.8,3393.410231696484,3,28.0,True,268.6102316964839,8.596077563251532,8.596077563251532
80,1100,26,2094.9,2081.06430436894,3,14.0,False,13.835695631059934,-0.6604465908186516,0.6604465908186516
100,1100,26,2000.8,1629.6435759683116,3,11.0,False,371.1564240316884,-18.55040104116795,18.55040104116795
100,2600,26,4281.1,2525.8117902859995,3,26.0,False,1755.288209714001,-41.000869162458265,41.000869162458265
20,4600,26,17887.8,12041.918327033449,3,230.0,True,5845.8816729665505,-32.680830918092504,32.680830918092504
100,4600,26,7056.6,4529.971833459633,3,46.0,True,2526.6281665403676,-35.80517765695048,35.80517765695048
80,5600,26,9465.9,7746.03808418959,3,70.0,True,1719.8619158104093,-18.16902688397732,18.16902688397732
80,6100,26,9869.7,8963.793864349987,3,77.0,True,905.9061356500133,-9.178659287009872,9.178659287009872
80,6600,26,10859.9,10372.968496980013,3,83.0,True,486.93150301998685,-4.483756784316493,4.483756784316493
80,7100,26,12086.5,12003.651083423109,3,89.0,True,82.8489165768915,-0.6854665666395688,0.6854665666395688
40,8100,26,19911.5,26206.70339222639,3,203.0,True,6295.203392226391,31.615917395607518,31.615917395607518
20,8600,26,34272.6,38721.97149975795,3,430.0,True,4449.371499757952,12.982299270431632,12.982299270431632
100,8600,26,12022.0,14567.951512310248,3,86.0,True,2545.9515123102483,21.177437300867147,21.177437300867147
60,9600,26,19098.2,31804.902338769247,3,160.0,True,12706.702338769246,66.53350754924153,66.53350754924153
100,9600,26,14602.4,19508.11333857815,3,96.0,True,4905.713338578151,33.5952537841598,33.5952537841598
80,10100,26,15538.3,28824.52616263913,3,127.0,True,13286.22616263913,85.50630482510397,85.50630482510397
60,100,32,429.7,1626.6169477886442,3,2.0,False,1196.9169477886442,278.54711375113897,278.54711375113897
100,100,32,513.8,997.3481420520504,3,1.0,False,483.5481420520505,94.11213352511687,94.11213352511687
100,600,32,2491.3,1154.2783400689436,3,6.0,False,1337.0216599310565,-53.66762974876798,53.66762974876798
20,1100,32,5623.4,3552.2979598805946,3,55.0,True,2071.102040119405,-36.83006793255691,36.83006793255691
60,1100,32,4947.8,2178.522903852674,3,19.0,False,2769.277096147326,-55.96986733795477,55.96986733795477
20,1600,32,6976.3,4110.84034501582,3,80.0,True,2865.45965498418,-41.074203445725956,41.074203445725956
40,1600,32,4316.4,3219.3357167873883,3,40.0,True,1097.0642832126114,-25.416186711440353,25.416186711440353
80,1600,32,2791.8,1974.290429364612,3,20.0,False,817.5095706353882,-29.28252634985988,29.28252634985988
20,2600,32,10430.0,5505.117530370683,3,130.0,True,4924.882469629317,-47.21843211533381,47.21843211533381
40,2600,32,6811.7,4311.314062819874,3,65.0,True,2500.3859371801254,-36.70722341236586,36.70722341236586
60,4100,32,8322.8,5232.462767929259,3,69.0,True,3090.3372320707404,-37.1309803440037,37.1309803440037
100,4600,32,7480.5,3713.698466098217,3,46.0,True,3766.801533901783,-50.35494330461577,50.35494330461577
60,5100,32,9778.7,7007.069057439705,3,85.0,True,2771.630942560296,-28.34355223659889,28.34355223659889
100,5100,32,7531.1,4297.6113731324585,3,51.0,True,3233.488626867542,-42.93514396127447,42.93514396127447
40,5600,32,13377.5,10353.713433610756,3,140.0,True,3023.7865663892444,-22.603525071121243,22.603525071121243
40,6600,32,15808.7,13864.87619528538,3,165.0,True,1943.8238047146206,-12.295911774621699,12.295911774621699
60,7600,32,14611.2,14540.910165050052,3,127.0,True,70.28983494994827,-0.48106818707531396,0.48106818707531396
80,7600,32,13533.9,11388.020186931408,3,95.0,True,2145.879813068592,-15.8555908723176,15.8555908723176
40,8100,32,18315.6,21485.27693338053,3,203.0,True,3169.6769333805314,17.30588642130496,17.30588642130496
60,8100,32,15193.6,16826.750890966097,3,135.0,True,1633.150890966097,10.748939625671973,10.748939625671973
80,8100,32,12885.0,13178.258599635712,3,102.0,True,293.258599635712,2.2759689533233374,2.2759689533233374
40,9100,32,28848.5,28771.023269018875,3,228.0,True,77.476730981125,-0.268564157516422,0.268564157516422
20,9600,32,43231.1,42510.86074423672,3,480.0,True,720.2392557632775,-1.6660211185079203,1.6660211185079203
60,1100,2,8929.6,6157.854474848708,4,19.0,True,2771.745525151292,-31.03997407668084,31.03997407668084
80,2600,2,14712.1,7676.448183080972,4,33.0,True,7035.6518169190285,-47.822213123340845,47.822213123340845
20,3600,2,93270.4,19590.280314606192,4,180.0,True,73680.1196853938,-78.99625142102296,78.99625142102296
80,3600,2,24026.4,10264.925932637976,4,45.0,True,13761.474067362025,-57.27647116239647,57.27647116239647
80,4100,2,26800.3,11870.03930262673,4,52.0,True,14930.260697373269,-55.70930436365739,55.70930436365739
100,4100,2,21365.0,9569.482765034218,4,41.0,True,11795.517234965782,-55.20953538481527,55.20953538481527
40,5100,2,64290.0,24420.91808068309,4,128.0,True,39869.081919316915,-62.0144375786544,62.0144375786544
80,5100,2,33784.0,15872.400551600293,4,64.0,True,17911.599448399706,-53.01799505209479,53.01799505209479
40,6100,2,79069.7,32654.850768455795,4,153.0,True,46414.8492315442,-58.701182920314864,58.701182920314864
20,6600,2,113399.1,46837.88157368947,4,330.0,True,66561.21842631054,-58.69642565620939,58.69642565620939
20,8600,2,229120.4,83745.94657194133,4,430.0,True,145374.45342805865,-63.448934895390664,63.448934895390664
40,9600,2,144096.9,90279.7829480344,4,240.0,True,53817.1170519656,-37.347865951290835,37.347865951290835
60,9600,2,101394.1,72783.75415600502,4,160.0,True,28610.34584399499,-28.21697302308023,28.21697302308023
20,10100,2,156272.3,129490.37141965538,4,505.0,True,26781.92858034461,-17.13798835772214,17.13798835772214
60,100,8,413.4,3723.066967596202,4,2.0,False,3309.666967596202,800.5967507489604,800.5967507489604
60,600,8,1622.0,4305.337843077391,4,10.0,True,2683.337843077391,165.4338990799871,165.4338990799871
20,1100,8,5613.5,7660.406561891164,4,55.0,True,2046.9065618911636,36.46399860855373,36.46399860855373
20,1600,8,7927.3,8858.294232823453,4,80.0,True,930.9942328234529,11.74415289976982,11.74415289976982
60,1600,8,3777.6,5757.234283543862,4,27.0,True,1979.6342835438622,52.40455007263507,52.40455007263507
80,1600,8,3261.6,4641.313159176525,4,20.0,True,1379.713159176525,42.30172796101684,42.30172796101684
20,2100,8,10196.7,10243.475824340656,4,105.0,True,46.77582434065516,0.4587349273848908,0.4587349273848908
60,2100,8,4726.5,6657.554322543888,4,35.0,True,1931.0543225438878,40.8559044228052,40.8559044228052
100,2100,8,3682.7,4326.829595822327,4,21.0,True,644.1295958223272,17.49068878329289,17.49068878329289
80,2600,8,4953.2,6206.484819401495,4,33.0,True,1253.284819401495,25.302528050583362,25.302528050583362
40,3100,8,8827.6,11042.737547125776,4,78.0,True,2215.137547125776,25.093315817728218,25.093315817728218
80,3600,8,6919.7,8299.359424682834,4,45.0,True,1379.6594246828345,19.938139293362926,19.938139293362926
40,4100,8,11923.9,14766.17119734291,4,103.0,True,2842.2711973429105,23.836758085382385,23.836758085382385
60,4100,8,9198.2,11904.356711371354,4,69.0,True,2706.1567113713536,29.42050304811108,29.42050304811108
20,4600,8,23142.3,21179.822627927824,4,230.0,True,1962.477372072175,-8.48004464583112,8.48004464583112
40,4600,8,13426.0,17075.06998360928,4,115.0,True,3649.069983609279,27.17912992409712,27.17912992409712
100,5100,8,8016.4,10345.98573317334,4,51.0,True,2329.5857331733405,29.060248155947065,29.060248155947065
100,5600,8,9025.2,11963.773086050916,4,56.0,True,2938.5730860509157,32.559645061061424,32.559645061061424
100,6100,8,13326.3,13834.507141149148,4,61.0,True,508.2071411491488,3.8135652142691434,3.8135652142691434
40,6600,8,24986.4,30530.65815512045,4,165.0,True,5544.258155120449,22.189103492781868,22.189103492781868
100,7100,8,16440.9,18499.19539884698,4,71.0,True,2058.295398846978,12.519359638748353,12.519359638748353
80,7600,8,20085.4,26534.167236057365,4,95.0,True,6448.767236057363,32.106740398784005,32.106740398784005
40,8100,8,34858.7,47207.72160785453,4,203.0,True,12349.021607854535,35.425938453971426,35.425938453971426
60,9100,8,32676.6,50890.8894741036,4,152.0,True,18214.2894741036,55.74107916399993,55.74107916399993
80,9100,8,26897.2,41028.25941658392,4,114.0,True,14131.059416583917,52.537287957794554,52.537287957794554
60,9600,8,22541.2,58848.01411681803,4,160.0,True,36306.81411681803,161.0686836407025,161.0686836407025
100,600,14,1534.7,2262.065249146226,4,6.0,False,727.365249146226,47.39462104295472,47.39462104295472
80,1100,14,2508.3,3244.955707902825,4,14.0,False,736.6557079028248,29.36872415192859,29.36872415192859
100,1100,14,2447.7,2615.903403872531,4,11.0,False,168.203403872531,6.87189622390534,6.87189622390534
60,2100,14,6082.9,5382.673571049017,4,35.0,True,700.2264289509831,-11.511391424336798,11.511391424336798
80,2100,14,4929.4,4339.34070739653,4,27.0,True,590.0592926034697,-11.970205148770027,11.970205148770027
100,2600,14,5569.0,4045.313621107613,4,26.0,True,1523.686378892387,-27.36014327334148,27.36014327334148
60,3100,14,8854.9,7197.7974139228245,4,52.0,True,1657.1025860771751,-18.71396160405171,18.71396160405171
40,3600,14,9329.7,10324.366254717765,4,90.0,True,994.6662547177639,10.66128873080339,10.66128873080339
100,4100,14,6823.0,6255.499149388756,4,41.0,True,567.5008506112435,-8.317468131485322,8.317468131485322
80,4600,14,8127.6,8972.810690217268,4,58.0,True,845.2106902172673,10.39926534545582,10.39926534545582
40,5600,14,14818.5,18460.540220791885,4,140.0,True,3642.040220791885,24.57765779796798,24.57765779796798
60,5600,14,11782.5,14882.77285213596,4,94.0,True,3100.2728521359604,26.31252155430478,26.31252155430478
100,6600,14,10945.7,12934.537261957794,4,66.0,True,1988.837261957793,18.17003263343407,18.17003263343407
60,7100,14,15519.7,23012.61706203924,4,119.0,True,7492.91706203924,48.28003802933845,48.28003802933845
80,7100,14,13433.5,18552.676711744087,4,89.0,True,5119.176711744087,38.10754242560827,38.10754242560827
20,7600,14,40444.7,40942.53095296365,4,380.0,True,497.83095296365354,1.2308929302570017,1.2308929302570017
80,8100,14,15584.8,24808.111876602517,4,102.0,True,9223.311876602518,59.181458065567206,59.181458065567206
100,8100,14,14225.7,20000.212326733068,4,81.0,True,5774.512326733067,40.59211375702473,40.59211375702473
60,8600,14,16781.9,35583.16105511703,4,144.0,True,18801.26105511703,112.03297037353951,112.03297037353951
40,9600,14,25213.9,59018.13786253057,4,240.0,True,33804.23786253057,134.06984981510425,134.06984981510425
60,9600,14,19821.9,47580.481900708095,4,160.0,True,27758.581900708094,140.03996539538636,140.03996539538636
100,10100,14,16572.7,35760.75185706994,4,101.0,True,19188.05185706994,115.78108489908064,115.78108489908064
60,100,20,458.1,2433.529415815636,4,2.0,False,1975.4294158156363,431.22231299184375,431.22231299184375
80,600,20,1040.0,2268.6074341387,4,8.0,False,1228.6074341386998,118.13533020564422,118.13533020564422
100,600,20,1354.9,1828.7672409366603,4,6.0,False,473.8672409366602,34.97433323025022,34.97433323025022
20,1100,20,5467.0,5007.481266244885,4,55.0,True,459.51873375511514,-8.40531797613161,8.40531797613161
40,1100,20,3429.9,4036.8590631897855,4,28.0,True,606.9590631897854,17.69611543163898,17.69611543163898
60,2600,20,5758.0,5032.47722451017,4,44.0,True,725.5227754898297,-12.60025660802066,12.60025660802066
60,3100,20,6863.6,5819.478966351013,4,52.0,True,1044.1210336489876,-15.21244002635625,15.21244002635625
80,3100,20,5864.0,4691.495089236266,4,39.0,True,1172.5049107637342,-19.99496778246477,19.99496778246477
40,3600,20,9843.0,8347.418999709827,4,90.0,True,1495.5810002901726,-15.194361478108023,15.194361478108023
80,4100,20,10552.8,6273.585757742623,4,52.0,True,4279.214242257376,-40.55051021773725,40.55051021773725
100,4100,20,9977.5,5057.597930757206,4,41.0,True,4919.902069242794,-49.309968120699516,49.309968120699516
40,5600,20,13674.8,14925.79962541232,4,140.0,True,1250.9996254123216,9.148211494225302,9.148211494225302
80,5600,20,9553.2,9700.90255429027,4,70.0,True,147.70255429026838,1.54610553835645,1.54610553835645
40,6100,20,15001.2,17259.656873857886,4,153.0,True,2258.4568738578855,15.055174745072964,15.055174745072964
100,6600,20,10179.9,10457.833360980369,4,66.0,True,277.9333609803689,2.730217005868121,2.730217005868121
40,7100,20,17850.7,23079.146005569524,4,178.0,True,5228.446005569524,29.289865414630928,29.289865414630928
80,7600,20,13189.4,17345.800084926275,4,95.0,True,4156.400084926276,31.513185474140414,31.513185474140414
100,7600,20,11750.6,13984.06457682659,4,76.0,True,2233.464576826589,19.00723858208593,19.00723858208593
20,8600,20,42649.7,44264.492247040405,4,430.0,True,1614.7922470404083,3.7861749251235253,3.7861749251235253
60,8600,20,17415.4,28770.03619501521,4,144.0,True,11354.63619501521,65.19882514909338,65.19882514909338
20,9600,20,48024.8,59188.75341068528,4,480.0,True,11163.95341068528,23.246225722304477,23.246225722304477
20,10100,20,54668.3,68443.27805748598,4,505.0,True,13774.978057485976,25.197377744480757,25.197377744480757
60,1100,26,2059.4,2631.055430314037,4,19.0,False,571.655430314037,27.75834856336977,27.75834856336977
60,1600,26,3590.2,3042.586488444608,4,27.0,True,547.6135115553916,-15.253008510818105,15.253008510818105
100,1600,26,2567.3,1977.2257595374167,4,16.0,False,590.0742404625835,-22.984234038195126,22.984234038195126
20,2100,26,8697.4,5413.845361410197,4,105.0,True,3283.5546385898024,-37.7532899325063,37.7532899325063
40,2100,26,5415.3,4364.471538387961,4,53.0,True,1050.828461612039,-19.40480604236218,19.40480604236218
20,2600,26,10384.3,6260.475343260038,4,130.0,True,4123.824656739961,-39.712110173434525,39.712110173434525
60,2600,26,5148.3,4068.742017771748,4,44.0,True,1079.557982228252,-20.96921279312107,20.96921279312107
40,3100,26,7883.5,5836.305105216003,4,78.0,True,2047.1948947839974,-25.968096591412408,25.968096591412408
80,4100,26,6492.9,5072.221584882089,4,52.0,True,1420.6784151179108,-21.880491230696776,21.880491230696776
100,4100,26,6385.7,4089.052985552001,4,41.0,True,2296.647014447999,-35.965469947664296,35.965469947664296
60,4600,26,9023.7,7275.614126400649,4,77.0,True,1748.0858735993515,-19.3721630107312,19.3721630107312
80,4600,26,7756.3,5865.437496261385,4,58.0,True,1890.8625037386155,-24.378408567727078,24.378408567727078
60,5100,26,9726.8,8413.338156281065,4,85.0,True,1313.4618437189347,-13.503535013765418,13.503535013765418
20,6100,26,23371.3,17309.5548652671,4,305.0,True,6061.745134732901,-25.936704996011777,25.936704996011777
60,6100,26,11587.8,11250.260864894044,4,102.0,True,337.5391351059552,-2.9128836803013103,2.9128836803013103
20,7600,26,34026.8,26764.960805664017,4,380.0,True,7261.839194335986,-21.34152842564092,21.34152842564092
20,8100,26,35538.9,30949.912249077275,4,405.0,True,4588.987750922726,-12.91257678465773,12.91257678465773
60,8600,26,15343.4,23261.3869494274,4,144.0,True,7917.986949427401,51.60516540940991,51.60516540940991
60,9100,26,16413.6,26898.54238532125,4,152.0,True,10484.94238532125,63.87960219160483,63.87960219160483
100,9100,26,12815.1,17482.77050182173,4,91.0,True,4667.670501821731,36.42320779253951,36.42320779253951
80,100,32,374.6,1282.0916342634032,4,2.0,False,907.4916342634032,242.2561757243468,242.2561757243468
20,600,32,3339.8,2830.4766317826025,4,30.0,False,509.32336821739773,-15.250115821827587,15.250115821827587
40,1100,32,3361.6,2638.6643110310447,4,28.0,False,722.9356889689552,-21.505702313450595,21.505702313450595
80,1100,32,4225.3,1714.6903398141212,4,14.0,False,2510.609660185879,-59.41849478583483,59.41849478583483
60,1600,32,3440.0,2459.845905178563,4,27.0,False,980.154094821437,-28.492851593646424,28.492851593646424
100,1600,32,2660.4,1598.4645719314503,4,16.0,False,1061.9354280685498,-39.916382050389025,39.916382050389025
80,2600,32,4535.4,2651.838152649976,4,33.0,True,1883.5618473500235,-41.53022550050765,41.53022550050765
100,2600,32,4253.5,2137.729488726734,4,26.0,False,2115.770511273266,-49.74187166505856,49.74187166505856
40,3100,32,7868.5,4718.664915055412,4,78.0,True,3149.835084944588,-40.03094725735004,40.03094725735004
80,3100,32,5346.2,3066.618661994696,4,39.0,True,2279.5813380053037,-42.6392828178015,42.6392828178015
100,4100,32,6399.9,3305.9505925565472,4,41.0,True,3093.9494074434524,-48.34371486184866,48.34371486184866
60,4600,32,9220.3,5882.396494399764,4,77.0,True,3337.903505600235,-36.20168004945864,36.20168004945864
20,5600,32,21297.9,12102.727698940063,4,280.0,True,9195.172301059938,-43.174079609069146,43.174079609069146
60,5600,32,10760.8,7866.003619373419,4,94.0,True,2894.7963806265807,-26.9013119900619,26.9013119900619
40,7100,32,17058.4,15087.153586063929,4,178.0,True,1971.2464139360727,-11.555869330863812,11.555869330863812
60,7100,32,13295.6,12163.134088888251,4,119.0,True,1132.465911111749,-8.517599138901208,8.517599138901208
20,7600,32,33067.1,21640.213514667947,4,380.0,True,11426.886485332052,-34.55666352759103,34.55666352759103
100,8100,32,11987.5,10570.890026102095,4,81.0,True,1416.6099738979046,-11.817392900086796,11.817392900086796
80,9100,32,19988.1,17533.313481540066,4,114.0,True,2454.7865184599323,-12.281239930058046,12.281239930058046
100,9100,32,17642.1,14135.238680858738,4,91.0,True,3506.8613191412605,-19.877799803545273,19.877799803545273
40,9600,32,25655.0,31194.30080104621,4,240.0,True,5539.300801046211,21.591505753444594,21.591505753444594
80,10100,32,22117.1,23445.066868654376,4,127.0,True,1327.9668686543773,6.004254032646131,6.004254032646131
40,100,2,982.8,5702.954511353032,5,3.0,True,4720.154511353032,480.2762018063728,480.2762018063728
100,100,2,510.0,2755.6038710105377,5,1.0,False,2245.6038710105377,440.31448451187015,440.31448451187015
80,1100,2,7011.2,4690.865495609419,5,14.0,True,2320.334504390581,-33.09468428215685,33.09468428215685
100,1100,2,4340.0,3680.953698887733,5,11.0,True,659.046301112267,-15.185398643139791,15.185398643139791
20,2100,2,52576.5,12966.349205021668,5,105.0,True,39610.15079497833,-75.33812786126565,75.33812786126565
40,2100,2,25801.9,10175.161148455298,5,53.0,True,15626.738851544704,-60.564295077279986,60.564295077279986
60,2600,2,19760.2,9228.299209285686,5,44.0,True,10531.900790714315,-53.29855361137192,53.29855361137192
60,3100,2,22876.4,10665.469759438403,5,52.0,True,12210.930240561598,-53.37784896470422,53.37784896470422
100,3100,2,14596.6,6567.803118337776,5,31.0,True,8028.796881662224,-55.00456874657266,55.00456874657266
20,4100,2,93059.9,23133.447323510045,5,205.0,True,69926.45267648995,-75.1413365762159,75.1413365762159
60,4600,2,40292.7,16464.56539924502,5,77.0,True,23828.134600754976,-59.13759713485316,59.13759713485316
60,5100,2,45082.1,19028.55483623288,5,85.0,True,26053.545163767118,-57.79132995971155,57.79132995971155
80,5600,2,35564.3,17257.910589261115,5,70.0,True,18306.389410738888,-51.47406081587121,51.47406081587121
60,6100,2,51198.6,25416.485825327985,5,102.0,True,25782.114174672013,-50.357068698503504,50.357068698503504
100,6100,2,50824.6,15652.019594602129,5,61.0,True,35172.58040539787,-69.20385090172451,69.20385090172451
40,7100,2,80017.3,43260.71996750482,5,178.0,True,36756.580032495185,-45.93579142572317,45.93579142572317
20,8100,2,195498.8,73632.42021349014,5,405.0,True,121866.37978650985,-62.33612676216419,62.33612676216419
60,8600,2,73477.4,52406.385365252034,5,144.0,True,21071.01463474796,-28.676864770321163,28.676864770321163
40,9100,2,126230.2,77180.23156004037,5,228.0,True,49049.96843995963,-38.8575542460993,38.8575542460993
20,9600,2,284674.0,113665.08854091464,5,480.0,True,171008.91145908536,-60.07184058223981,60.07184058223981
80,9600,2,81403.8,54931.48220175346,5,120.0,True,26472.317798246542,-32.51975681509529,32.51975681509529
100,9600,2,67904.0,43107.4088452881,5,96.0,True,24796.591154711903,-36.51712882114736,36.51712882114736
60,10100,2,76610.6,80898.98383686662,5,169.0,True,4288.383836866618,5.5976377118396385,5.5976377118396385
20,100,8,908.1,5909.380269622054,5,5.0,False,5001.280269622053,550.7411374982989,550.7411374982989
40,100,8,424.2,4637.186349530338,5,3.0,False,4212.986349530338,993.1603841419939,993.1603841419939
40,1600,8,4776.0,7158.853484279542,5,40.0,True,2382.8534842795416,49.89224213315623,49.89224213315623
80,2100,8,3982.5,5094.908890575141,5,27.0,True,1112.4088905751414,27.932426630888674,27.932426630888674
20,2600,8,12608.1,12185.397135180414,5,130.0,True,422.70286481958647,-3.3526293796812086,3.3526293796812086
100,2600,8,4401.0,4620.749519121587,5,26.0,True,219.74951912158667,4.99317244084496,4.99317244084496
80,3100,8,5916.1,6805.527693792208,5,39.0,True,889.4276937922077,15.034020618181026,15.034020618181026
60,3600,8,8073.2,10023.086994477702,5,60.0,True,1949.8869944777025,24.15259122129642,24.15259122129642
40,5100,8,13799.2,19717.23323974621,5,128.0,True,5918.033239746208,42.88678502917711,42.88678502917711
20,5600,8,26578.7,29038.371360067824,5,280.0,True,2459.671360067823,9.254295206566999,9.254295206566999
40,5600,8,15523.0,22787.72250123797,5,140.0,True,7264.722501237971,46.79973266274542,46.79973266274542
40,6100,8,22190.1,26336.34305321125,5,153.0,True,4146.243053211252,18.685103055917963,18.685103055917963
20,6600,8,42302.4,38786.44491256194,5,330.0,True,3515.9550874380584,-8.311478988043369,8.311478988043369
60,8100,8,26365.2,36872.35481772896,5,135.0,True,10507.154817728962,39.85236151339251,39.85236151339251
100,8100,8,19842.7,22706.963700543594,5,81.0,True,2864.2637005435936,14.43484858685357,14.43484858685357
40,8600,8,39016.3,54303.00537534969,5,215.0,True,15286.705375349688,39.18030509133282,39.18030509133282
20,9600,8,49199.1,92426.89352994332,5,480.0,True,43227.79352994332,87.86297621286431,87.86297621286431
40,9600,8,29030.9,72532.03079157717,5,240.0,True,43501.13079157717,149.8442376625498,149.8442376625498
20,10100,8,65095.7,106819.60565051684,5,505.0,True,41723.90565051684,64.09625466892106,64.09625466892106
40,10100,8,38627.1,83826.7492098614,5,253.0,True,45199.6492098614,117.01538352571485,117.01538352571485
100,100,14,746.4,1821.7144716333285,5,1.0,False,1075.3144716333286,144.0667834449797,144.0667834449797
40,600,14,2612.3,4357.853914450047,5,15.0,True,1745.5539144500472,66.82057629100973,66.82057629100973
60,600,14,1873.8,3419.6219910266286,5,10.0,False,1545.8219910266287,82.49663736933658,82.49663736933658
40,1100,14,4174.6,5036.607125957464,5,28.0,True,862.0071259574634,20.648855601913077,20.648855601913077
20,2100,14,12044.3,8573.237054253052,5,105.0,True,3471.0629457469477,-28.81913391186659,28.81913391186659
40,2600,14,9516.4,7775.429452186691,5,65.0,True,1740.9705478133083,-18.294423813766848,18.294423813766848
20,3100,14,17536.1,11451.477510116143,5,155.0,True,6084.622489883855,-34.697694982828885,34.697694982828885
40,3100,14,11303.4,8986.36163030685,5,78.0,True,2317.0383696931494,-20.49859661423244,20.49859661423244
80,3100,14,7735.8,5533.74677510333,5,39.0,True,2202.05322489667,-28.46574659242315,28.46574659242315
40,4100,14,12216.4,12003.281698196706,5,103.0,True,213.11830180329343,-1.744526225428878,1.744526225428878
60,4100,14,8624.3,9419.39140775171,5,69.0,True,795.09140775171,9.21919932924075,9.21919932924075
100,5600,14,9154.7,8954.512168511399,5,56.0,True,200.18783148860166,-2.1867219186713016,2.1867219186713016
20,6100,14,27744.2,27289.489856841898,5,305.0,True,454.71014315810316,-1.6389376632164676,1.6389376632164676
80,6100,14,11177.1,13187.932315538224,5,77.0,True,2010.832315538224,17.990644402736166,17.990644402736166
40,6600,14,18329.7,24750.189842841934,5,165.0,True,6420.489842841933,35.02779556043979,35.02779556043979
80,7600,14,15089.9,20358.428422468507,5,95.0,True,5268.528422468507,34.91426995850541,34.91426995850541
20,8600,14,34957.4,56268.26394540675,5,430.0,True,21310.863945406745,60.962382629734314,60.962382629734314
80,9600,14,17065.8,36321.31359929539,5,120.0,True,19255.51359929539,112.83100469532863,112.83100469532863
80,10100,14,17997.2,41977.361608422536,5,127.0,True,23980.161608422535,133.24384686741567,133.24384686741567
20,100,20,1008.4,3907.046333239383,5,5.0,False,2898.646333239383,287.4500528797484,287.4500528797484
20,1600,20,7383.3,6031.754410267116,5,80.0,True,1351.5455897328839,-18.305440517558324,18.305440517558324
60,2100,20,4714.4,4292.714515448641,5,35.0,True,421.68548455135897,-8.94462677225859,8.94462677225859
100,2100,20,3836.6,2643.2268092846625,5,21.0,True,1193.3731907153374,-31.104967698361502,31.104967698361502
80,2600,20,4772.1,3893.196977053956,5,33.0,True,878.9030229460445,-18.41753154682518,18.41753154682518
20,3100,20,13386.9,9311.613687573696,5,155.0,True,4075.286312426304,-30.442345221270827,30.442345221270827
40,5100,20,12486.1,13037.039110041356,5,128.0,True,550.9391100413559,4.412419490804622,4.412419490804622
60,5600,20,11534.2,11823.887822969122,5,94.0,True,289.68782296912104,2.5115554001935205,2.5115554001935205
80,6100,20,10278.9,10723.61670391167,5,77.0,True,444.71670391167027,4.326500928228413,4.326500928228413
100,6100,20,9480.6,8415.170962077387,5,61.0,True,1065.4290379226131,-11.237991666377793,11.237991666377793
20,7100,20,31294.8,29639.630154417515,5,355.0,True,1655.1698455824844,-5.288961251014496,5.288961251014496
60,7100,20,14078.5,18252.78669597291,5,119.0,True,4174.286695972911,29.650081301082576,29.650081301082576
100,7100,20,10994.5,11240.351044367706,5,71.0,True,245.85104436770598,2.236127558030888,2.236127558030888
40,7600,20,19450.5,26881.65648077126,5,190.0,True,7431.15648077126,38.205477909417546,38.205477909417546
60,7600,20,15191.2,21095.23486818387,5,127.0,True,5904.03486818387,38.86483535325629,38.86483535325629
60,8100,20,16480.1,24380.304165878184,5,135.0,True,7900.204165878185,47.93784118954488,47.93784118954488
40,8600,20,22560.5,35905.753779975974,5,215.0,True,13345.253779975974,59.15318268644744,59.15318268644744
40,9100,20,22905.1,41497.09153097744,5,228.0,True,18591.991530977444,81.16965885753585,81.16965885753585
80,9600,20,15853.2,29534.58952552897,5,120.0,True,13681.389525528968,86.30049154447661,86.30049154447661
80,10100,20,18174.3,34133.820570588425,5,127.0,True,15959.520570588425,87.81367409247358,87.81367409247358
60,600,26,1609.0,2260.7748130585924,5,10.0,False,651.7748130585924,40.508067934033086,40.508067934033086
20,1600,26,6983.7,4904.550894572714,5,80.0,True,2079.1491054272856,-29.77145503711909,29.77145503711909
100,3100,26,4997.4,2870.93631589404,5,31.0,True,2126.4636841059596,-42.55140041033257,42.55140041033257
20,3600,26,13967.1,8750.76622214674,5,180.0,True,5216.3337778532605,-37.34729312350639,37.34729312350639
80,3600,26,6134.9,4228.548569879147,5,45.0,True,1906.3514301208525,-31.073879445807634,31.073879445807634
100,3600,26,5782.9,3318.149284237767,5,36.0,True,2464.7507157622326,-42.62136152730002,42.62136152730002
20,4100,26,15832.1,10113.57615939918,5,205.0,True,5718.523840600821,-36.11980622027919,36.11980622027919
40,4100,26,10126.4,7936.440051858152,5,103.0,True,2189.9599481418472,-21.62624376028843,21.62624376028843
40,4600,26,11200.0,9172.444522777918,5,115.0,True,2027.5554772220821,-18.103173903768592,18.103173903768592
40,5100,26,12117.3,10600.917477510156,5,128.0,True,1516.3825224898428,-12.514194766902223,12.514194766902223
100,5100,26,7300.5,5122.6886094497,5,51.0,True,2177.8113905502996,-29.830989528803503,29.830989528803503
20,5600,26,21164.2,15612.620906848217,5,280.0,True,5551.579093151784,-26.23098956328037,26.23098956328037
40,5600,26,13427.7,12251.829776300658,5,140.0,True,1175.8702236993431,-8.757048665812784,8.757048665812784
100,6100,26,9267.1,6842.632640113983,5,61.0,True,2424.467359886017,-26.162093426055797,26.162093426055797
100,6600,26,9937.7,7908.311307952617,5,66.0,True,2029.3886920473833,-20.42111043850572,20.42111043850572
40,7100,26,17270.6,18913.390098839733,5,178.0,True,1642.7900988397341,9.512061531387065,9.512061531387065
60,7100,26,13509.8,14842.117018550169,5,119.0,True,1332.3170185501695,9.861855975293265,9.861855975293265
80,7600,26,12870.8,13461.008527983537,5,95.0,True,590.2085279835374,4.58563980470163,4.58563980470163
60,8100,26,15718.1,19824.724756542408,5,135.0,True,4106.624756542407,26.12672496384682,26.12672496384682
100,8100,26,12128.9,12208.408130449616,5,81.0,True,79.50813044961615,0.6555263086480732,0.6555263086480732
80,8600,26,13109.2,17979.999234357423,5,108.0,True,4870.799234357422,37.155579549914734,37.155579549914734
20,9100,26,38144.3,42998.90487713039,5,455.0,True,4854.60487713039,12.726947085489549,12.726947085489549
20,10100,26,38799.3,57433.31636266671,5,505.0,True,18634.016362666705,48.026681828452325,48.026681828452325
100,10100,26,14429.8,21781.239745324216,5,101.0,True,7351.439745324216,50.94623449614143,50.94623449614143
20,100,32,901.1,2583.0682741251794,5,5.0,False,1681.9682741251795,186.65722718068798,186.65722718068798
60,600,32,3435.5,1838.1684300356476,5,10.0,False,1597.3315699643524,-46.49487905586821,46.49487905586821
40,2100,32,5402.3,3616.801011762904,5,53.0,True,1785.498988237096,-33.05071892040605,33.05071892040605
80,2100,32,3849.3,2226.974494238375,5,27.0,False,1622.3255057616252,-42.14598773183761,42.14598773183761
20,3100,32,12169.0,6156.662301638077,5,155.0,True,6012.337698361923,-49.40699891825066,49.40699891825066
60,3100,32,6234.8,3791.114189690517,5,52.0,True,2443.6858103094833,-39.19429348671141,39.19429348671141
20,3600,32,14073.9,7115.52285182983,5,180.0,True,6958.37714817017,-49.44171230554551,49.44171230554551
40,3600,32,9044.1,5583.709890348316,5,90.0,True,3460.3901096516847,-38.26129863282897,38.26129863282897
60,3600,32,7282.5,4381.61566901804,5,60.0,True,2900.8843309819604,-39.83363310651507,39.83363310651507
100,3600,32,5690.8,2697.9753988331186,5,36.0,True,2992.8246011668816,-52.59057779515853,52.59057779515853
20,4100,32,16082.8,8223.695512636898,5,205.0,True,7859.104487363102,-48.86651881117158,48.86651881117158
40,4100,32,10221.8,6453.351279532028,5,103.0,True,3768.4487204679717,-36.866781980355434,36.866781980355434
20,4600,32,17838.6,9504.430908325732,5,230.0,True,8334.169091674266,-46.71986081684811,46.71986081684811
40,6100,32,14447.0,11513.909278909448,5,153.0,True,2933.0907210905516,-20.302420717730683,20.302420717730683
20,6600,32,25570.8,16957.199178500367,5,330.0,True,8613.600821499633,-33.685300504871314,33.685300504871314
60,8600,32,14864.4,18630.730475989727,5,144.0,True,3766.3304759897273,25.33792467902995,25.33792467902995
100,8600,32,12692.8,11473.102679793665,5,86.0,True,1219.6973202063346,-9.609363735395931,9.609363735395931
80,9600,32,22389.2,19528.446005119386,5,120.0,True,2860.753994880615,-12.777383715722825,12.777383715722825
100,9600,32,20134.2,15324.7837470121,5,96.0,True,4809.416252987901,-23.886800831361075,23.886800831361075
60,10100,32,25004.0,28760.34124714076,5,169.0,True,3756.341247140761,15.022961314752683,15.022961314752683
